"Match ID","League","Start Date","Duration (s)","Duration (mm:ss)","Radiant Team","Team A","Team A Heroes","Team B","Team B Heroes","Winner"
"1909728487","3902","02 Nov 2015 05:04","1517","25:17","Team A","OG","Earthshaker Shadow Fiend Necrophos Dazzle Rubick","STARK.gg","Dark Seer Jakiro Gyrocopter Alchemist Disruptor","Team A"
"1909825881","3902","02 Nov 2015 05:56","1059","17:39","Team A","OG","Juggernaut Slardar Beastmaster Dazzle Winter Wyvern","STARK.gg","Clockwerk Ancient Apparition Gyrocopter Rubick Ember Spirit","Team A"
"1910121231","3865","02 Nov 2015 09:00","2464","41:04","Team A","OG","Razor Dazzle Dark Seer Spirit Breaker Ember Spirit","Mamas-Boys","Bane Witch Doctor Gyrocopter Alchemist Tusk","Team A"
"1910208777","3865","02 Nov 2015 10:09","1092","18:12","Team A","OG","Earthshaker Beastmaster Dazzle Gyrocopter Tusk","Mamas-Boys","Queen of Pain Templar Assassin Dark Seer Bounty Hunter Jakiro","Team A"
"1912135868","3865","03 Nov 2015 06:50","1423","23:43","Team A","OG","Slardar Dazzle Gyrocopter Brewmaster Undying","MONKEY FREEDOM FIGHTERS","Mirana Leshrac Dark Seer Night Stalker Disruptor","Team A"
"1912218049","3865","03 Nov 2015 07:34","2467","41:07","Team B","OG","Vengeful Spirit Queen of Pain Gyrocopter Nyx Assassin Tusk","MONKEY FREEDOM FIGHTERS","Anti-Mage Lina Dark Seer Magnus Winter Wyvern","Team A"
"1912386269","3902","03 Nov 2015 09:15","1566","26:06","Team A","OG","Shadow Fiend Sven Dazzle Brewmaster Undying","SCARYFACEZZZZZZZ","Windranger Slardar Queen of Pain Enchantress Spirit Breaker","Team A"
"1912443120","3902","03 Nov 2015 09:55","1077","17:57","Team A","OG","Dazzle Dark Seer Gyrocopter Invoker Winter Wyvern","SCARYFACEZZZZZZZ","Razor Slardar Necrophos Night Stalker Tusk","Team A"
"1914031829","3865","04 Nov 2015 04:00","2087","34:47","Team A","OG","Shadow Fiend Slardar Dazzle Brewmaster Undying","-Ninjas-in-Pyjamas-","Sven Viper Dark Seer Ancient Apparition Spirit Breaker","Team A"
"1914177497","3865","04 Nov 2015 05:05","2038","33:58","Team B","OG","Razor Tiny Doom Undying Winter Wyvern","-Ninjas-in-Pyjamas-","Bane Queen of Pain Leshrac Io Bristleback","Team A"
"1914619443","3534","04 Nov 2015 09:17","2604","43:24","Team A","OG","Dark Seer Gyrocopter Invoker Undying Winter Wyvern","Alliance","Clinkz Broodmother Jakiro Batrider Tusk","Team A"
"1914713381","3534","04 Nov 2015 10:35","2481","41:21","Team A","OG","Sven Gyrocopter Invoker Io Winter Wyvern","Alliance","Bane Windranger Slardar Doom Tusk","Team B"
"1916514465","3865","05 Nov 2015 06:35","2815","46:55","Team A","OG","Windranger Slardar Dazzle Gyrocopter Undying","Noo Logic Gaming","Juggernaut Lina Dark Seer Disruptor Tusk","Team A"
"1916634529","3865","05 Nov 2015 07:50","2226","37:06","Team A","OG","Juggernaut Lina Slardar Dazzle Winter Wyvern","Noo Logic Gaming","Shadow Fiend Lich Ancient Apparition Rubick Ember Spirit","Team A"
"1916772853","3781","05 Nov 2015 09:30","1929","32:09","Team A","OG","Dazzle Nature's Prophet Gyrocopter Brewmaster Undying","Virtus.pro","Windranger Slardar Broodmother Silencer Visage","Team B"
"1916837731","3781","05 Nov 2015 10:27","1211","20:11","Team A","OG","Shadow Fiend Beastmaster Jakiro Doom Shadow Demon","Unknown Dire Team","Juggernaut Lina Night Stalker Ancient Apparition Winter Wyvern","Team A"
"1916879181","3781","05 Nov 2015 11:08","1879","31:19","Team A","OG","Lich Beastmaster Doom Gyrocopter Rubick","Virtus.pro","Bane Shadow Fiend Leshrac Dark Seer Abaddon","Team A"
"1918457362","3781","06 Nov 2015 05:02","2884","48:04","Team A","OG","Shadow Fiend Tiny Lich Necrophos Jakiro","-Ninjas-in-Pyjamas-","Lina Dark Seer Spirit Breaker Gyrocopter Io","Team B"
"1918614355","3781","06 Nov 2015 06:16","2138","35:38","Team A","OG","Slardar Viper Ancient Apparition Gyrocopter Io","-Ninjas-in-Pyjamas-","Tiny Queen of Pain Disruptor Legion Commander Winter Wyvern","Team A"
"1918729624","3781","06 Nov 2015 07:16","2438","40:38","Team B","OG","Bane Gyrocopter Meepo Undying Nyx Assassin","-Ninjas-in-Pyjamas-","Queen of Pain Dazzle Dark Seer Huskar Alchemist","Team A"
"1918839537","3902","06 Nov 2015 08:20","3439","57:19","Team A","OG","Shadow Fiend Ancient Apparition Doom Brewmaster Tusk","Natus Vincere","Sven Queen of Pain Dazzle Broodmother Io","Team B"
"1918959324","3902","06 Nov 2015 09:41","4094","1:08:14","Team B","OG","Tiny Windranger Nyx Assassin Io Winter Wyvern","Natus Vincere","Dark Seer Bounty Hunter Ursa Disruptor Magnus","Team A"
"1919071372","3902","06 Nov 2015 11:15","1759","29:19","Team A","OG","Earthshaker Phantom Assassin Dazzle Gyrocopter Io","Natus Vincere","Vengeful Spirit Windranger Dark Seer Huskar Undying","Team A"
"1920974442","3781","07 Nov 2015 05:07","1871","31:11","Team B","OG","Windranger Slardar Jakiro Shadow Demon Ember Spirit","Team Empire","Bane Shadow Fiend Night Stalker Gyrocopter Tusk","Team B"
"1921106426","3781","07 Nov 2015 06:04","1747","29:07","Team A","OG","Dark Seer Gyrocopter Alchemist Undying Winter Wyvern","Team Empire","Anti-Mage Queen of Pain Dazzle Ancient Apparition Tusk","Team A"
"1921224121","3781","07 Nov 2015 06:59","1118","18:38","Team B","OG","Shadow Fiend Beastmaster Dazzle Spirit Breaker Undying","Team Empire","Slardar Bounty Hunter Silencer Ember Spirit Winter Wyvern","Team A"
"1921316393","3781","07 Nov 2015 07:46","1875","31:15","Team B","OG","Bane Shadow Fiend Dazzle Broodmother Centaur Warrunner","Team Empire","Witch Doctor Beastmaster Gyrocopter Invoker Undying","Team A"
"1923459197","3726","08 Nov 2015 04:29","3606","1:00:06","Team A","OG","Shadow Fiend Lich Night Stalker Broodmother Winter Wyvern","Team Empire","Bane Lina Queen of Pain Doom Spirit Breaker","Team A"
"1923642959","3726","08 Nov 2015 05:59","1728","28:48","Team B","OG","Bane Juggernaut Shadow Fiend Phoenix Winter Wyvern","Team Empire","Windranger Slardar Dazzle Gyrocopter Rubick","Team B"
"1923741910","3726","08 Nov 2015 06:53","2038","33:58","Team A","OG","Sven Beastmaster Dazzle Broodmother Tusk","Team Empire","Lich Viper Night Stalker Spirit Breaker Gyrocopter","Team B"
"1923909329","3726","08 Nov 2015 08:38","1604","26:44","Team B","OG","Bane Shadow Fiend Dazzle Nyx Assassin Centaur Warrunner","G O L D E N B O Y S","Windranger Queen of Pain Dark Seer Night Stalker Alchemist","Team A"
"1923977220","3726","08 Nov 2015 09:27","2978","49:38","Team A","OG","Dark Seer Gyrocopter Invoker Undying Winter Wyvern","G O L D E N B O Y S","Earthshaker Juggernaut Queen of Pain Disruptor Tusk","Team B"
"1924058157","3726","08 Nov 2015 10:37","1929","32:09","Team B","OG","Bane Windranger Slardar Night Stalker Slark","G O L D E N B O Y S","Dazzle Dark Seer Bounty Hunter Silencer Lycan","Team A"
"1924109491","3726","08 Nov 2015 11:30","1528","25:28","Team A","OG","Anti-Mage Beastmaster Dark Seer Spirit Breaker Winter Wyvern","G O L D E N B O Y S","Juggernaut Queen of Pain Undying Disruptor Tusk","Team A"
"1932434600","3671","13 Nov 2015 10:58","2161","36:01","Team B","OG","Earthshaker Spirit Breaker Undying Io Bristleback","Vega Squadron","Tiny Doom Ursa Disruptor Tusk","Team A"
"1932514886","3671","13 Nov 2015 11:59","1842","30:42","Team A","OG","Anti-Mage Bane Beastmaster Dazzle Nature's Prophet","Vega Squadron","Luna Dark Seer Night Stalker Ember Spirit Winter Wyvern","Team B"
"1932608822","3671","13 Nov 2015 12:59","2356","39:16","Team B","OG","Juggernaut Lich Doom Magnus Winter Wyvern","Vega Squadron","Slardar Death Prophet Dazzle Night Stalker Gyrocopter","Team B"
"1933285495","3671","13 Nov 2015 06:35","2219","36:59","Team B","OG","Earthshaker Tiny Alchemist Io Tusk","UNKNOWN #####","Slardar Queen of Pain Huskar Spirit Breaker Winter Wyvern","Team A"
"1933384351","3671","13 Nov 2015 07:35","1811","30:11","Team B","OG","Dazzle Gyrocopter Io Bristleback Tusk","UNKNOWN #####","Tiny Windranger Lion Dark Seer Bounty Hunter","Team A"
"1933489792","3671","13 Nov 2015 08:46","1779","29:39","Team B","OG","Shadow Fiend Night Stalker Broodmother Rubick Tusk","Vega Squadron","Axe Beastmaster Queen of Pain Luna Dazzle","Team A"
"1933563740","3671","13 Nov 2015 09:42","2362","39:22","Team B","OG","Venomancer Spirit Breaker Gyrocopter Phoenix Winter Wyvern","Vega Squadron","Bane Windranger Dark Seer Night Stalker Spectre","Team B"
"1933638419","3671","13 Nov 2015 10:47","3553","59:13","Team A","OG","Slardar Beastmaster Dazzle Batrider Gyrocopter","Vega Squadron","Bane Shadow Fiend Phantom Lancer Dark Seer Disruptor","Team B"
"1940220599","3671","16 Nov 2015 08:08","2184","36:24","Team B","OG","Earthshaker Tiny Dazzle Huskar Io","Fnatic","Bane Gyrocopter Undying Bristleback Winter Wyvern","Team A"
"1943053613","3671","18 Nov 2015 10:49","1658","27:38","Team B","OG","Bane Shadow Fiend Slardar Gyrocopter Rubick","Unknown Radiant Team","Lina Dark Seer Spirit Breaker Ember Spirit Winter Wyvern","Team A"
"1945023833","3671","19 Nov 2015 10:52","2167","36:07","Team B","OG","Shadow Fiend Phantom Lancer Dazzle Rubick Tusk","Virtus.pro","Lina Slardar Night Stalker Ancient Apparition Gyrocopter","Team A"
"1945112557","3671","19 Nov 2015 11:49","2829","47:09","Team B","OG","Tiny Windranger Rubick Tusk Winter Wyvern","Virtus.pro","Earthshaker Vengeful Spirit Slardar Viper Ancient Apparition","Team B"
"1945236890","3671","19 Nov 2015 12:59","2639","43:59","Team B","OG","Anti-Mage Bane Slardar Viper Dazzle","Virtus.pro","Lina Dark Seer Jakiro Gyrocopter Tusk","Team A"
"1945878388","3671","19 Nov 2015 06:08","2081","34:41","Team B","OG","Earthshaker Tiny Alchemist Undying Io","CDEC Gaming","Queen of Pain Viper Broodmother Tusk Winter Wyvern","Team A"
"1945972951","3671","19 Nov 2015 07:07","2536","42:16","Team B","OG","Bane Slardar Dazzle Meepo Ember Spirit","CDEC Gaming","Lion Doom Alchemist Silencer Tusk","Team A"
"1947992644","3671","20 Nov 2015 06:10","2122","35:22","Team A","OG","Tiny Night Stalker Undying Io Ember Spirit","EHOME","Windranger Queen of Pain Bounty Hunter Ancient Apparition Doom","Team B"
"1948102678","3671","20 Nov 2015 07:07","1868","31:08","Team B","OG","Earthshaker Tiny Alchemist Undying Io","EHOME","Windranger Viper Doom Treant Protector Tusk","Team A"
"1948190353","3671","20 Nov 2015 07:57","2168","36:08","Team B","OG","Phantom Lancer Viper Dark Seer Undying Winter Wyvern","EHOME","Earthshaker Lina Bounty Hunter Gyrocopter Tusk","Team A"
"1949504719","3671","21 Nov 2015 10:54","1684","28:04","Team B","OG","Shadow Fiend Phantom Lancer Dark Seer Treant Protector Rubick","Evil Geniuses","Lich Templar Assassin Doom Tusk Winter Wyvern","Team B"
"1949609142","3671","21 Nov 2015 11:46","3049","50:49","Team A","OG","Earthshaker Razor Gyrocopter Tusk Winter Wyvern","Evil Geniuses","Sven Tinker Beastmaster Ancient Apparition Undying","Team A"
"1949769021","3671","21 Nov 2015 01:02","2697","44:57","Team A","OG","Earthshaker Gyrocopter Alchemist Undying Tusk","Evil Geniuses","Anti-Mage Beastmaster Queen of Pain Magnus Winter Wyvern","Team A"
"1950077300","3671","21 Nov 2015 03:06","1926","32:06","Team B","OG","Phantom Lancer Dazzle Invoker Tusk Winter Wyvern","Team Secret","Anti-Mage Tiny Shadow Shaman Slardar Queen of Pain","Team A"
"1950217743","3671","21 Nov 2015 04:02","3911","1:05:11","Team B","OG","Dazzle Clockwerk Gyrocopter Alchemist Winter Wyvern","Team Secret","Bane Slardar Queen of Pain Rubick Slark","Team A"
"1950431595","3671","21 Nov 2015 05:36","2351","39:11","Team A","OG","Bane Earthshaker Shadow Fiend Sven Tusk","Team Secret","Lina Slardar Wraith King Dazzle Ancient Apparition","Team B"
"1950565767","3671","21 Nov 2015 06:42","2029","33:49","Team B","OG","Shadow Fiend Lich Doom Brewmaster Rubick","Team Secret","Bane Juggernaut Slardar Dazzle Alchemist","Team A"
"1963496331","3865","27 Nov 2015 04:22","1576","26:16","Team B","OG","Bane Shadow Fiend Phantom Lancer Undying Centaur Warrunner","Team Empire","Queen of Pain Luna Dazzle Dark Seer Night Stalker","Team A"
"1963631832","3865","27 Nov 2015 05:20","2351","39:11","Team B","OG","Phantom Lancer Slardar Viper Dazzle Rubick","Team Empire","Earthshaker Queen of Pain Gyrocopter Disruptor Winter Wyvern","Team A"
"1964046839","3865","27 Nov 2015 09:03","1883","31:23","Team B","OG","Viper Gyrocopter Undying Rubick Tusk","Mamas-Boys","Bane Tiny Magnus Phoenix Winter Wyvern","Team A"
"1964135256","3865","27 Nov 2015 10:05","1544","25:44","Team B","OG","Bane Doom Gyrocopter Meepo Tusk","Mamas-Boys","Slardar Lich Nature's Prophet Invoker Undying","Team A"
"1966487311","3865","28 Nov 2015 07:20","2176","36:16","Team B","OG","Shadow Shaman Slardar Dazzle Huskar Gyrocopter","Team Empire","Bane Sven Lina Night Stalker Rubick","Team A"
"1966617949","3865","28 Nov 2015 08:30","853","14:13","Team B","OG","Juggernaut Shadow Fiend Night Stalker Undying Rubick","Team Empire","Viper Luna Dazzle Batrider Tusk","Team A"
"1966694893","3865","28 Nov 2015 09:15","1803","30:03","Team B","OG","Earthshaker Gyrocopter Meepo Tusk Winter Wyvern","Team Empire","Queen of Pain Ancient Apparition Doom Rubick Ember Spirit","Team A"
"1972514674","3902","01 Dec 2015 02:04","3348","55:48","Team B","OG","Bane Shadow Fiend Phantom Lancer Centaur Warrunner Tusk","Natus Vincere","Queen of Pain Clockwerk Spirit Breaker Io Ember Spirit","Team A"
"1972685076","3902","01 Dec 2015 03:21","2761","46:01","Team A","OG","Windranger Shadow Shaman Ancient Apparition Doom Gyrocopter","Natus Vincere","Tiny Ursa Undying Magnus Winter Wyvern","Team B"
"1972824031","3902","01 Dec 2015 04:26","3349","55:49","Team B","OG","Viper Dazzle Clockwerk Gyrocopter Undying","Natus Vincere","Bane Tiny Ancient Apparition Magnus Ember Spirit","Team B"
"1972994203","3902","01 Dec 2015 06:00","2718","45:18","Team B","OG","Huskar Spirit Breaker Io Bristleback Abaddon","Alliance","Tiny Witch Doctor Ancient Apparition Gyrocopter Winter Wyvern","Team A"
"1973117951","3902","01 Dec 2015 07:15","2492","41:32","Team B","OG","Phantom Lancer Dazzle Night Stalker Alchemist Winter Wyvern","Alliance","Dragon Knight Dark Seer Gyrocopter Keeper of the Light Tusk","Team A"
"1974889056","3902","02 Dec 2015 05:04","3279","54:39","Team B","OG","Phantom Lancer Doom Invoker Tusk Winter Wyvern","Virtus.pro","Bane Tiny Slardar Dazzle Ember Spirit","Team A"
"1975030290","3902","02 Dec 2015 06:23","2098","34:58","Team B","OG","Phantom Lancer Dazzle Doom Tusk Ember Spirit","Virtus.pro","Wraith King Dragon Knight Dark Seer Ancient Apparition Disruptor","Team B"
"1975123151","3902","02 Dec 2015 07:20","1995","33:15","Team B","OG","Phantom Lancer Doom Invoker Rubick Winter Wyvern","Virtus.pro","Slardar Dazzle Gyrocopter Alchemist Tusk","Team B"
"1980941553","3534","05 Dec 2015 12:00","2155","35:55","Team A","OG","Juggernaut Shadow Fiend Dazzle Magnus Winter Wyvern","Team Alternate Attax","Dark Seer Gyrocopter Invoker Undying Tusk","Team A"
"1981088223","3534","05 Dec 2015 01:02","1654","27:34","Team A","OG","Anti-Mage Doom Brewmaster Undying Winter Wyvern","Team Alternate Attax","Windranger Wraith King Dazzle Ancient Apparition Tusk","Team A"
"1981953141","3534","05 Dec 2015 06:39","1530","25:30","Team B","OG","Bane Shadow Fiend Dazzle Huskar Centaur Warrunner","Team Liquid","Witch Doctor Viper Spirit Breaker Io Ember Spirit","Team A"
"1982075607","3534","05 Dec 2015 07:37","3784","1:03:04","Team A","OG","Earthshaker Juggernaut Shadow Fiend Shadow Shaman Dazzle","Team Liquid","Razor Gyrocopter Tusk Elder Titan Phoenix","Team A"
"1984422652","3534","06 Dec 2015 05:07","1268","21:08","Team A","OG","Anti-Mage Earthshaker Shadow Fiend Shadow Shaman Dazzle","Team Liquid","Razor Queen of Pain Gyrocopter Silencer Tusk","Team B"
"1984529130","3534","06 Dec 2015 05:59","3408","56:48","Team B","OG","Bane Shadow Fiend Phantom Lancer Dark Seer Rubick","Team Liquid","Juggernaut Lina Witch Doctor Io Tusk","Team A"
"1984698282","3534","06 Dec 2015 07:30","1919","31:59","Team B","OG","Bane Shadow Fiend Phantom Lancer Dark Seer Rubick","Team Liquid","Tiny Lina Io Tusk Legion Commander","Team B"
"1984801723","3534","06 Dec 2015 08:34","2343","39:03","Team A","OG","Juggernaut Nature's Prophet Alchemist Tusk Winter Wyvern","Team Liquid","Bane Shadow Fiend Ursa Undying Magnus","Team B"
"1991112163","3781","09 Dec 2015 07:31","1253","20:53","Team A","OG","Razor Beastmaster Doom Undying Winter Wyvern","Unknown Dire Team","Lich Templar Assassin Dazzle Night Stalker Gyrocopter","Team A"
"1991188850","3781","09 Dec 2015 08:20","1802","30:02","Team B","OG","Dazzle Gyrocopter Meepo Tusk Winter Wyvern","Unknown Radiant Team","Slardar Witch Doctor Queen of Pain Night Stalker Alchemist","Team A"
"1991532094","3781","10 Dec 2015 02:17","2966","49:26","Team A","OG","Shadow Fiend Phantom Lancer Tiny Undying Rubick","Vici Gaming","Bane Vengeful Spirit Lina Bounty Hunter Tusk","Team B"
"1991602467","3781","10 Dec 2015 03:34","1908","31:48","Team B","OG","Dazzle Dark Seer Huskar Meepo Tusk","Vici Gaming","Bane Vengeful Spirit Slardar Silencer Ember Spirit","Team A"
"1991666142","3781","10 Dec 2015 04:36","1795","29:55","Team B","OG","Tiny Slardar Dazzle Gyrocopter Io","Vici Gaming","Wraith King Dragon Knight Doom Undying Disruptor","Team B"
"1998424806","3781","12 Dec 2015 10:54","1633","27:13","Team B","OG","Bane Shadow Fiend Dark Seer Meepo Winter Wyvern","EHOME","Windranger Omniknight Huskar Undying Tusk","Team A"
"1998496853","3781","12 Dec 2015 11:53","1381","23:01","Team B","OG","Bane Dragon Knight Doom Lone Druid Abaddon","EHOME","Shadow Fiend Razor Witch Doctor Clockwerk Tusk","Team B"
"1998547629","3781","13 Dec 2015 12:41","1936","32:16","Team A","OG","Shadow Fiend Dazzle Jakiro Doom Brewmaster","EHOME","Bane Phantom Lancer Tiny Bounty Hunter Abaddon","Team A"
"1998652203","3781","13 Dec 2015 02:28","2172","36:12","Team B","OG","Bane Dark Seer Gyrocopter Meepo Undying","Virtus.pro","Earthshaker Sven Queen of Pain Phoenix Winter Wyvern","Team B"
"1998715126","3781","13 Dec 2015 03:23","1910","31:50","Team B","OG","Wraith King Doom Invoker Tusk Winter Wyvern","Virtus.pro","Slardar Witch Doctor Viper Gyrocopter Disruptor","Team B"
"2107644923","4301","27 Jan 2016 05:21","2509","41:49","Team A","OG","Puck Vengeful Spirit Chen Invoker Invoker Undying","Vici Gaming","Witch Doctor Spirit Breaker Outworld Devourer Bristleback Phoenix","Team B"
"2107740985","4301","27 Jan 2016 06:43","2276","37:56","Team B","OG","Anti-Mage Anti-Mage Dazzle Nature's Prophet Tusk Elder Titan","Vici Gaming","Morphling Vengeful Spirit Death Prophet Night Stalker Phoenix","Team B"
"2107876927","4301","27 Jan 2016 08:23","2413","40:13","Team A","OG","Juggernaut Tidehunter Invoker Invoker Earth Spirit Oracle","Evil Geniuses","Kunkka Lifestealer Batrider Outworld Devourer Winter Wyvern","Team A"
"2107983537","4301","27 Jan 2016 09:31","3054","50:54","Team A","OG","Gyrocopter Invoker Invoker Nyx Assassin Earth Spirit Oracle","Evil Geniuses","Enigma Batrider Outworld Devourer Lycan Ogre Magi","Team A"
"2108139739","4301","27 Jan 2016 11:05","2157","35:57","Team A","OG","Drow Ranger Vengeful Spirit Spirit Breaker Invoker Invoker Rubick","Team. Spirit","Bane Sven Zeus Outworld Devourer Treant Protector","Team A"
"2108256895","4301","27 Jan 2016 12:08","1815","30:15","Team A","OG","Vengeful Spirit Death Prophet Tusk Earth Spirit Terrorblade Terrorblade","Team. Spirit","Juggernaut Slardar Outworld Devourer Treant Protector Oracle","Team A"
"2109659438","4301","28 Jan 2016 04:29","2655","44:15","Team B","OG","Razor Razor Tiny Dazzle Batrider Io","Newbee","Shadow Shaman Faceless Void Death Prophet Gyrocopter Skywrath Mage","Team A"
"2109725036","4301","28 Jan 2016 05:46","867","14:27","Team B","OG","Vengeful Spirit Templar Assassin Templar Assassin Chen Gyrocopter Nyx Assassin","Newbee","Dark Seer Outworld Devourer Lycan Disruptor Earth Spirit","Team A"
"2110583807","4301","28 Jan 2016 02:09","2690","44:50","Team A","OG","Anti-Mage Anti-Mage Earthshaker Death Prophet Dazzle Earth Spirit","Team Secret","Vengeful Spirit Lich Wraith King Dark Seer Invoker","Team A"
"2110775831","4301","28 Jan 2016 03:25","1001","16:41","Team A","OG","Drow Ranger Vengeful Spirit Spirit Breaker Invoker Invoker Rubick","Team Secret","Morphling Witch Doctor Faceless Void Death Prophet Bounty Hunter","Team A"
"2112812155","4301","29 Jan 2016 01:32","1569","26:09","Team A","OG","Vengeful Spirit Kunkka Faceless Void Gyrocopter Outworld Devourer Outworld Devourer","LGD-GAMING","Lion Witch Doctor Templar Assassin Nyx Assassin Terrorblade","Team A"
"2112955180","4301","29 Jan 2016 02:27","3858","1:04:18","Team A","OG","Earthshaker Morphling Morphling Death Prophet Dazzle Earth Spirit","LGD-GAMING","Sven Lina Witch Doctor Faceless Void Terrorblade","Team A"
"2115065683","4301","30 Jan 2016 10:58","1836","30:36","Team B","OG","Templar Assassin Templar Assassin Dazzle Batrider Chen Gyrocopter","EHOME","Witch Doctor Invoker Lone Druid Slark Legion Commander","Team B"
"2115207703","4301","30 Jan 2016 12:03","3037","50:37","Team A","OG","Spirit Breaker Invoker Invoker Slark Earth Spirit Oracle","EHOME","Juggernaut Death Prophet Pugna Night Stalker Batrider","Team A"
"2115403451","4301","30 Jan 2016 01:23","1308","21:48","Team A","OG","Faceless Void Gyrocopter Invoker Invoker Meepo Rubick","EHOME","Morphling Lion Viper Broodmother Earth Spirit","Team B"
"2117383841","4301","31 Jan 2016 07:21","1342","22:22","Team A","OG","Tiny Outworld Devourer Outworld Devourer Disruptor Io Tusk","Evil Geniuses","Enigma Faceless Void Clinkz Batrider Treant Protector","Team B"
"2117469845","4301","31 Jan 2016 08:04","1618","26:58","Team A","OG","Viper Viper Doom Gyrocopter Io Winter Wyvern","Evil Geniuses","Bane Tidehunter Enigma Lone Druid Ember Spirit","Team B"
"2181021263","4266","27 Feb 2016 02:16","1471","24:31","Team A","OG","Earthshaker Lion Weaver Batrider Lone Druid","Team Archon","Nature's Prophet Lifestealer Enchantress Night Stalker Jakiro","Team A"
"2181080385","4266","27 Feb 2016 03:13","2491","41:31","Team B","OG","Phantom Lancer Zeus Lion Batrider Elder Titan","Team Archon","Mirana Vengeful Spirit Beastmaster Outworld Devourer Ember Spirit","Team A"
"2181696818","4266","27 Feb 2016 09:26","1903","31:43","Team B","OG","Razor Vengeful Spirit Batrider Doom Slark","LGD-GAMING","Tiny Beastmaster Enchantress Weaver Rubick","Team A"
"2181823003","4266","27 Feb 2016 10:26","4547","1:15:47","Team B","OG","Juggernaut Vengeful Spirit Broodmother Batrider Doom","LGD-GAMING","Sven Enchantress Lycan Rubick Visage","Team B"
"2182047120","4266","27 Feb 2016 12:14","2362","39:22","Team A","OG","Earthshaker Lion Batrider  Lone Druid Slark","LGD-GAMING","Juggernaut Vengeful Spirit Witch Doctor Nature's Prophet Spectre","Team A"
"2193199056","4266","03 Mar 2016 03:31","1623","27:03","Team A","OG","Sand King Tidehunter Pugna Lone Druid Legion Commander","Team Secret","Earthshaker Lion Nature's Prophet Weaver Ember Spirit","Team A"
"2193255935","4266","03 Mar 2016 04:28","2146","35:46","Team B","OG","Tidehunter Death Prophet Io Slark Winter Wyvern","Team Secret","Drow Ranger Lion Enigma Nature's Prophet Outworld Devourer","Team B"
"2193321592","4266","03 Mar 2016 05:29","2443","40:43","Team A","OG","Earthshaker Razor Lion Tidehunter Terrorblade","Team Secret","Drow Ranger Beastmaster Dazzle Outworld Devourer Io","Team B"
"2194067318","4266","03 Mar 2016 01:10","2409","40:09","Team A","OG","Sven Vengeful Spirit Tidehunter Enigma Death Prophet","Virtus.pro","Lina Faceless Void Outworld Devourer Io Winter Wyvern","Team A"
"2196830083","4266","04 Mar 2016 03:25","2505","41:45","Team A","OG","Sven Lion Bounty Hunter Batrider Silencer","Fnatic","Enigma Beastmaster Invoker Disruptor Medusa","Team B"
"2197006785","4266","04 Mar 2016 04:28","4065","1:07:45","Team A","OG","Drow Ranger Vengeful Spirit Enigma Faceless Void Outworld Devourer","Fnatic","Puck Sven Tidehunter Lich Bounty Hunter","Team A"
"2197232058","4266","04 Mar 2016 06:01","1750","29:10","Team B","OG","Anti-Mage Zeus Pugna Batrider Earth Spirit","Fnatic","Vengeful Spirit Chen Spectre Outworld Devourer Nyx Assassin","Team B"
"2233998262","4210","19 Mar 2016 03:42","2247","37:27","Team A","OG","Juggernaut Shadow Fiend Dazzle Dark Seer Tusk","MVP Phoenix","Lion Batrider Spectre Invoker Earth Spirit","Team B"
"2234172489","4210","19 Mar 2016 04:44","1382","23:02","Team A","OG","Crystal Maiden Sven Beastmaster Outworld Devourer Io","MVP Phoenix","Juggernaut Lion Faceless Void Death Prophet Enchantress","Team A"
"2234307020","4210","19 Mar 2016 05:36","1791","29:51","Team A","OG","Phantom Lancer Enigma Dark Seer Weaver Earth Spirit","MVP Phoenix","Juggernaut Disruptor Io Bristleback Ember Spirit","Team B"
"2294692603","4579","14 Apr 2016 07:05","2770","46:10","Team A","OG","Sand King Lion Outworld Devourer Io Bristleback","Natus Vincere","Vengeful Spirit Beastmaster Death Prophet Nature's Prophet Earth Spirit","Team B"
"2294816926","4579","14 Apr 2016 08:23","1947","32:27","Team B","OG","Puck Nature's Prophet Spectre Io Earth Spirit","Natus Vincere","Juggernaut Vengeful Spirit Lion Magnus Ember Spirit","Team A"
"2294902048","4579","14 Apr 2016 09:23","2101","35:01","Team B","OG","Puck Sven Vengeful Spirit Enigma Nature's Prophet","Natus Vincere","Witch Doctor Queen of Pain Batrider Lycan Io","Team B"
"2296020893","4579","15 Apr 2016 01:14","2394","39:54","Team A","OG","Windranger Shadow Shaman Batrider Chaos Knight Io","MVP Phoenix","Dark Seer Outworld Devourer Ember Spirit Earth Spirit Oracle","Team A"
"2296159612","4579","15 Apr 2016 02:20","2235","37:15","Team B","OG","Shadow Shaman Enchantress Doom Brewmaster Lone Druid","MVP Phoenix","Juggernaut Witch Doctor Batrider Medusa Earth Spirit","Team A"
"2298421256","4579","16 Apr 2016 12:49","2196","36:36","Team A","OG","Crystal Maiden Slardar Nature's Prophet Doom Ember Spirit","Alliance","Puck Enchantress Spirit Breaker Gyrocopter Lone Druid","Team A"
"2298565632","4579","16 Apr 2016 01:54","2136","35:36","Team B","OG","Phantom Lancer Shadow Shaman Enchantress Doom Brewmaster","Alliance","Witch Doctor Queen of Pain Lifestealer Batrider Io","Team B"
"2298713609","4579","16 Apr 2016 02:54","1864","31:04","Team A","OG","Tidehunter Io Bristleback Ember Spirit Earth Spirit","Alliance","Queen of Pain Chen Lone Druid Legion Commander Oracle","Team A"
"2298985641","4579","16 Apr 2016 04:37","1964","32:44","Team A","OG","Nature's Prophet Batrider Spectre Earth Spirit Oracle","Vici_Gaming Reborn","Juggernaut Windranger Lion Bounty Hunter Doom","Team B"
"2299142936","4579","16 Apr 2016 05:37","1577","26:17","Team B","OG","Lion Enchantress Batrider Lycan Ember Spirit","Vici_Gaming Reborn","Puck Witch Doctor Lifestealer Dark Seer Doom","Team A"
"2299273472","4579","16 Apr 2016 06:31","3590","59:50","Team B","OG","Windranger Lion Enchantress Bounty Hunter Lycan","Vici_Gaming Reborn","Earthshaker Witch Doctor Queen of Pain Spectre Doom","Team B"
"2352859075","4461","10 May 2016 09:01","1757","29:17","Team A","OG","Dragon Knight Dazzle Huskar Io Bristleback","Alliance","Mirana Puck Faceless Void Chen Elder Titan","Team A"
"2352938620","4461","10 May 2016 09:54","2263","37:43","Team B","OG","Drow Ranger Vengeful Spirit Dragon Knight Dazzle Doom","Alliance","Beastmaster Batrider Spectre Silencer Skywrath Mage","Team A"
"2353463767","4461","10 May 2016 02:54","2882","48:02","Team A","OG","Beastmaster Faceless Void Invoker Elder Titan Phoenix","Team Liquid","Juggernaut Dragon Knight Enchantress Doom Earth Spirit","Team A"
"2353646896","4461","10 May 2016 04:12","1436","23:56","Team B","OG","Drow Ranger Faceless Void Dragon Knight Dazzle Phoenix","Team Liquid","Vengeful Spirit Dark Seer Ursa Alchemist Earth Spirit","Team B"
"2353764925","4461","10 May 2016 05:03","2094","34:54","Team B","OG","Earthshaker Slardar Beastmaster Dazzle Invoker","Team Liquid","Axe Death Prophet Lone Druid Io Earth Spirit","Team B"
"2355766229","4461","11 May 2016 04:21","1867","31:07","Team A","OG","Beastmaster Night Stalker Alchemist Centaur Warrunner Phoenix","Alliance","Lion Enigma Dragon Knight Weaver Doom","Team A"
"2355894068","4461","11 May 2016 05:17","3133","52:13","Team A","OG","Slardar Tinker Nature's Prophet Earth Spirit Phoenix","Alliance","Storm Spirit Lone Druid Ogre Magi Keeper of the Light Legion Commander","Team A"
"2357638993","4461","12 May 2016 02:31","2927","48:47","Team A","OG","Anti-Mage Viper Night Stalker Earth Spirit Phoenix","Newbee","Queen of Pain Dragon Knight Bounty Hunter Gyrocopter Rubick","Team A"
"2357832186","4461","12 May 2016 03:55","3958","1:05:58","Team A","OG","Razor Faceless Void Centaur Warrunner Elder Titan Phoenix","Newbee","Witch Doctor Dragon Knight Lifestealer Io Bristleback","Team B"
"2358060936","4461","12 May 2016 05:38","1804","30:04","Team A","OG","Drow Ranger Puck Vengeful Spirit Beastmaster Io","Newbee","Tidehunter Dark Seer Disruptor Slark Phoenix","Team A"
"2362722554","4461","14 May 2016 04:43","1126","18:46","Team B","OG","Vengeful Spirit Nature's Prophet Night Stalker Alchemist Centaur Warrunner","Team Liquid","Death Prophet Dark Seer Doom Lycan Phoenix","Team B"
"2362849384","4461","14 May 2016 05:31","3590","59:50","Team A","OG","Witch Doctor Tinker Beastmaster Doom Brewmaster","Team Liquid","Death Prophet Lone Druid Rubick Io Bristleback","Team B"
"2364761262","4461","15 May 2016 11:58","3137","52:17","Team A","OG","Crystal Maiden Beastmaster Lifestealer Invoker Tusk","Newbee","Razor Enchantress Batrider Lone Druid Earth Spirit","Team A"
"2364934706","4461","15 May 2016 01:18","3121","52:01","Team A","OG","Nature's Prophet Night Stalker Rubick Slark Earth Spirit","Newbee","Lion Dark Seer Batrider Spectre Tusk","Team B"
"2365122870","4461","15 May 2016 02:40","1789","29:49","Team A","OG","Axe Drow Ranger Vengeful Spirit Dragon Knight Io","Newbee","Tiny Dark Seer Spectre Doom Winter Wyvern","Team B"
"2378041536","4507","21 May 2016 11:03","2037","33:57","Team A","OG","Juggernaut Dragon Knight Lone Druid Earth Spirit Phoenix","Escape Gaming","Tiny Dark Seer Night Stalker Disruptor Naga Siren","Team A"
"2378192463","4507","21 May 2016 12:09","2272","37:52","Team B","OG","Phantom Lancer Dazzle Doom Lycan Earth Spirit","Escape Gaming","Shadow Shaman Dark Seer Night Stalker Lone Druid Centaur Warrunner","Team B"
"2378469719","4507","21 May 2016 02:05","1842","30:42","Team B","OG","Sven Slardar Templar Assassin Earth Spirit Phoenix","Escape Gaming","Juggernaut Venomancer Nature's Prophet Night Stalker Invoker","Team A"
"2379320481","4507","21 May 2016 07:20","2552","42:32","Team B","OG","Beastmaster Dark Seer Spectre Disruptor Earth Spirit","Natus Vincere","Mirana Witch Doctor Night Stalker Chen Medusa","Team A"
"2379473270","4507","21 May 2016 08:30","2403","40:03","Team A","OG","Lion Dark Seer Broodmother Spectre Doom","Natus Vincere","Drow Ranger Windranger Enchantress Night Stalker Oracle","Team B"
"2379622728","4507","21 May 2016 09:50","2465","41:05","Team B","OG","Crystal Maiden Juggernaut Beastmaster Timbersaw Earth Spirit","Natus Vincere","Tinker Faceless Void Nature's Prophet Bounty Hunter Chen","Team A"
"2381687924","4507","22 May 2016 04:24","1611","26:51","Team A","OG","Slardar Templar Assassin Lifestealer Spirit Breaker Phoenix","Natus Vincere","Morphling Puck Dark Seer Night Stalker Disruptor","Team A"
"2381831351","4507","22 May 2016 05:20","2211","36:51","Team B","OG","Juggernaut Faceless Void Dark Seer Earth Spirit Phoenix","Natus Vincere","Windranger Slardar Lifestealer Chen Disruptor","Team A"
"2381980118","4507","22 May 2016 06:25","2978","49:38","Team A","OG","Crystal Maiden Slardar Lifestealer Doom Timbersaw","Natus Vincere","Axe Mirana Dazzle Enchantress Terrorblade","Team A"
"2408596812","4479","03 Jun 2016 04:07","2529","42:09","Team B","OG","Death Prophet Clockwerk Lifestealer Keeper of the Light Earth Spirit","Team Empire","Anti-Mage Lion Dark Seer Magnus Phoenix","Team A"
"2408658682","4479","03 Jun 2016 05:12","2217","36:57","Team A","OG","Crystal Maiden Juggernaut Dragon Knight Batrider Earth Spirit","Team Empire","Shadow Fiend Lion Dark Seer Enchantress Lycan","Team A"
"2408737158","4479","03 Jun 2016 06:26","2130","35:30","Team A","OG","Vengeful Spirit Slardar Viper Lifestealer Io","Newbee","Lich Faceless Void Dragon Knight Clinkz Earth Spirit","Team B"
"2408813096","4479","03 Jun 2016 07:28","1723","28:43","Team B","OG","Tiny Dragon Knight Batrider Disruptor Io","Newbee","Razor Vengeful Spirit Beastmaster Dark Seer Slark","Team B"
"2409156577","4479","03 Jun 2016 11:05","3177","52:57","Team A","OG","Juggernaut Dazzle Night Stalker Alchemist Earth Spirit","Team Empire","Enigma Dragon Knight Lifestealer Dark Seer Disruptor","Team B"
"2409298043","4479","03 Jun 2016 12:24","1488","24:48","Team B","OG","Earthshaker Sven Tinker Faceless Void Phoenix","Team Empire","Drow Ranger Dragon Knight Nature's Prophet Disruptor Earth Spirit","Team A"
"2409393490","4479","03 Jun 2016 01:14","1272","21:12","Team A","OG","Dragon Knight Dazzle Huskar Batrider Earth Spirit","Team Empire","Puck Faceless Void Weaver Phoenix Oracle","Team A"
"2418580528","4479","07 Jun 2016 08:19","2043","34:03","Team B","OG","Crystal Maiden Juggernaut Faceless Void Magnus Elder Titan","Natus Vincere","Axe Mirana Tinker Enchantress Phoenix","Team A"
"2418664928","4479","07 Jun 2016 09:17","2363","39:23","Team B","OG","Vengeful Spirit Lion Beastmaster Invoker Lycan","Natus Vincere","Mirana Witch Doctor Queen of Pain Faceless Void Phoenix","Team A"
"2423400514","4479","09 Jun 2016 10:49","1893","31:33","Team A","OG","Morphling Beastmaster Dragon Knight Dazzle Io","MVP Phoenix","Axe Juggernaut Witch Doctor Bounty Hunter Ember Spirit","Team A"
"2423509445","4479","09 Jun 2016 11:46","1547","25:47","Team B","OG","Sven Faceless Void Templar Assassin Elder Titan Phoenix","MVP Phoenix","Vengeful Spirit Lion Slardar Tidehunter Invoker","Team A"
"2427950507","4479","11 Jun 2016 08:02","1695","28:15","Team A","OG","Sven Vengeful Spirit Batrider Invoker Rubick","Newbee","Lion Slardar Death Prophet Lifestealer Bounty Hunter","Team B"
"2428046296","4479","11 Jun 2016 08:58","1941","32:21","Team A","OG","Templar Assassin Dazzle Batrider Naga Siren Earth Spirit","Newbee","Faceless Void Ancient Apparition Invoker Ember Spirit Phoenix","Team A"
"2428159350","4479","11 Jun 2016 10:00","2713","45:13","Team A","OG","Crystal Maiden Beastmaster Invoker Lycan Elder Titan","Newbee","Batrider Spectre Alchemist Disruptor Earth Spirit","Team A"
"2430618706","4479","12 Jun 2016 09:50","2270","37:50","Team A","OG","Lich Beastmaster Lifestealer Alchemist Earth Spirit","Team Liquid","Slardar Riki Ursa Disruptor Timbersaw","Team B"
"2430738353","4479","12 Jun 2016 10:53","2260","37:40","Team B","OG","Juggernaut Faceless Void Dark Seer Earth Spirit Phoenix","Team Liquid","Slardar Beastmaster Dragon Knight Lycan Disruptor","Team A"
"2430853227","4479","12 Jun 2016 11:53","2496","41:36","Team B","OG","Juggernaut Sven Lion Faceless Void Phoenix","Team Liquid","Vengeful Spirit Slardar Dragon Knight Lycan Earth Spirit","Team A"
"2430984806","4479","12 Jun 2016 01:03","2855","47:35","Team B","OG","Wraith King Templar Assassin Batrider Elder Titan Phoenix","Team Liquid","Slardar Enchantress Weaver Lone Druid Disruptor","Team A"
"2442689934","4554","17 Jun 2016 04:08","2142","35:42","Team B","OG","Vengeful Spirit Batrider Alchemist Elder Titan Terrorblade","Natus Vincere","Crystal Maiden Faceless Void Night Stalker Medusa Oracle","Team A"
"2443378342","4554","17 Jun 2016 09:49","2538","42:18","Team B","OG","Crystal Maiden Juggernaut Slardar Alchemist Earth Spirit","compLexity Gaming","Dark Seer Lycan Io Legion Commander Oracle","Team A"
"2443468488","4554","17 Jun 2016 10:55","1947","32:27","Team A","OG","Crystal Maiden Batrider Invoker Earth Spirit Terrorblade","compLexity Gaming","Death Prophet Lifestealer Enchantress Undying Disruptor","Team A"
"2447074169","4554","19 Jun 2016 10:41","1186","19:46","Team B","OG","Batrider Meepo Io Timbersaw Earth Spirit","Team Liquid","Dazzle Huskar Alchemist Nyx Assassin Phoenix","Team B"
"2447190474","4554","19 Jun 2016 11:35","2661","44:21","Team A","OG","Juggernaut Vengeful Spirit Beastmaster Lycan Elder Titan","Team Liquid","Lion Riki Lifestealer Dark Seer Bristleback","Team A"
"2447365661","4554","19 Jun 2016 01:00","2905","48:25","Team A","OG","Tiny Beastmaster Dazzle Naga Siren Earth Spirit","Team Liquid","Lion Riki Lifestealer Slark Magnus","Team A"
"2448082522","4554","19 Jun 2016 06:14","1969","32:49","Team B","OG","Templar Assassin Dazzle Lifestealer Batrider Earth Spirit","Natus Vincere","Bane Juggernaut Slardar Invoker Elder Titan","Team A"
"2448201980","4554","19 Jun 2016 07:19","1899","31:39","Team A","OG","Anti-Mage Kunkka Lion Lifestealer Phoenix","Natus Vincere","Templar Assassin Batrider Ancient Apparition Slark Earth Spirit","Team A"
"2448310164","4554","19 Jun 2016 08:23","2814","46:54","Team A","OG","Lion Riki Dragon Knight Dark Seer Phoenix","Natus Vincere","Faceless Void Invoker Lycan Skywrath Mage Elder Titan","Team A"
"2501986398","4442","13 Jul 2016 07:04","2547","42:27","Team B","OG","Tinker Beastmaster Shadow Demon Slark Elder Titan","Friendship, Dedication, Love","Mirana Sven Batrider Visage Timbersaw","Team A"
"2502091915","4442","13 Jul 2016 08:13","2707","45:07","Team B","OG","Juggernaut Shadow Fiend Lion Batrider Io","Friendship, Dedication, Love","Slardar Witch Doctor Lich Faceless Void Templar Assassin","Team A"
"2502387920","4442","14 Jul 2016 12:23","1918","31:58","Team A","OG","Tinker Faceless Void Shadow Demon Earth Spirit Terrorblade","Fnatic","Juggernaut Tidehunter Riki Disruptor Ember Spirit","Team A"
"2502428208","4442","14 Jul 2016 01:21","2642","44:02","Team B","OG","Axe Juggernaut Zeus Dazzle Dark Seer","Fnatic","Tinker Faceless Void Luna Shadow Demon Elder Titan","Team B"
"2502478249","4442","14 Jul 2016 02:30","2487","41:27","Team B","OG","Earthshaker Tinker Faceless Void Keeper of the Light Legion Commander","Fnatic","Storm Spirit Omniknight Shadow Demon Earth Spirit Terrorblade","Team A"
"2506690235","4442","16 Jul 2016 12:15","2318","38:38","Team B","OG","Beastmaster Invoker Keeper of the Light Io Centaur Warrunner","the wings gaming","Mirana Shadow Shaman Riki Faceless Void Legion Commander","Team B"
"2506751633","4442","16 Jul 2016 01:25","2506","41:46","Team B","OG","Anti-Mage Kunkka Batrider Shadow Demon Earth Spirit","the wings gaming","Axe Juggernaut Lion Naga Siren Keeper of the Light","Team B"
"2510756612","4442","17 Jul 2016 07:09","1169","19:29","Team B","OG","Drow Ranger Beastmaster Outworld Devourer Io Oracle","Team Liquid","Tidehunter Luna Clockwerk Invoker Winter Wyvern","Team A"
"2510831821","4442","17 Jul 2016 07:55","2054","34:14","Team B","OG","Juggernaut Slardar Naga Siren Keeper of the Light Elder Titan","Team Liquid","Anti-Mage Mirana Zeus Faceless Void Shadow Demon","Team B"
"2510927175","4442","17 Jul 2016 09:00","3370","56:10","Team A","OG","Axe Batrider Ancient Apparition Elder Titan Terrorblade","Team Liquid","Faceless Void Dazzle Huskar Shadow Demon Timbersaw","Team A"
"2511102484","4442","17 Jul 2016 11:17","1102","18:22","Team B","OG","Axe Drow Ranger Medusa Tusk Oracle","the wings gaming","Juggernaut Riki Warlock Dark Seer Slark","Team A"
"2511147044","4442","18 Jul 2016 12:01","1541","25:41","Team B","OG","Juggernaut Tinker Undying Io Legion Commander","the wings gaming","Dazzle Huskar Batrider Invoker Ogre Magi","Team B"
"2511192816","4442","18 Jul 2016 12:53","1951","32:31","Team B","OG","Storm Spirit Faceless Void Gyrocopter Treant Protector Io","the wings gaming","Anti-Mage Vengeful Spirit Beastmaster Dragon Knight Rubick","Team B"
"2511239695","4442","18 Jul 2016 01:54","2075","34:35","Team A","OG","Beastmaster Dazzle Huskar Doom Invoker","the wings gaming","Faceless Void Enchantress Spirit Breaker Timbersaw Oracle","Team B"
"2546940273","4664","03 Aug 2016 06:34","3084","51:24","Team B","OG","Razor Batrider Legion Commander Earth Spirit Phoenix","LGD-GAMING","Juggernaut Morphling Shadow Demon Ogre Magi Nyx Assassin","Team B"
"2547040899","4664","03 Aug 2016 07:52","3529","58:49","Team A","OG","Juggernaut Sven Tidehunter Elder Titan Oracle","LGD-GAMING","Dazzle Batrider Lycan Ogre Magi Timbersaw","Team A"
"2547154885","4664","03 Aug 2016 09:27","1047","17:27","Team A","OG","Drow Ranger Witch Doctor Riki Batrider Medusa","Alliance","Mirana Faceless Void Ogre Magi Terrorblade Oracle","Team A"
"2547208285","4664","03 Aug 2016 10:13","3239","53:59","Team A","OG","Axe Tiny Riki Naga Siren Keeper of the Light","Alliance","Mirana Tidehunter Pugna Dazzle Enchantress","Team A"
"2547301927","4664","03 Aug 2016 11:44","2738","45:38","Team B","OG","Drow Ranger Enchantress Batrider Ogre Magi Medusa","Evil Geniuses","Crystal Maiden Queen of Pain Lifestealer Io Legion Commander","Team A"
"2547354532","4664","04 Aug 2016 12:50","1380","23:00","Team A","OG","Crystal Maiden Templar Assassin Batrider Spirit Breaker Troll Warlord","Evil Geniuses","Drow Ranger Mirana Puck Shadow Demon Abaddon","Team B"
"2548899546","4664","04 Aug 2016 06:30","4117","1:08:37","Team A","OG","Anti-Mage Lion Death Prophet Batrider Naga Siren","the wings gaming","Morphling Faceless Void Doom Invoker Disruptor","Team B"
"2549023865","4664","04 Aug 2016 08:00","3460","57:40","Team B","OG","Venomancer Faceless Void Huskar Elder Titan Oracle","the wings gaming","Sven Tinker Batrider Ogre Magi Skywrath Mage","Team A"
"2549139153","4664","04 Aug 2016 09:28","1937","32:17","Team B","OG","Axe Morphling Zeus Lion Elder Titan","Escape Gaming","Mirana Beastmaster Enchantress Ogre Magi Naga Siren","Team A"
"2549200733","4664","04 Aug 2016 10:21","1865","31:05","Team A","OG","Mirana Morphling Lion Faceless Void Timbersaw","Escape Gaming","Axe Riki Lifestealer Ogre Magi Naga Siren","Team A"
"2550969678","4664","05 Aug 2016 06:31","2791","46:31","Team B","OG","Axe Drow Ranger Mirana Kunkka Invoker","TNC Pro Team","Slardar Tinker Shadow Demon Terrorblade Phoenix","Team A"
"2551078113","4664","05 Aug 2016 07:40","1960","32:40","Team A","OG","Drow Ranger Mirana Batrider Outworld Devourer Oracle","TNC Pro Team","Axe Juggernaut Kunkka Shadow Demon Nyx Assassin","Team A"
"2551170074","4664","05 Aug 2016 08:42","1893","31:33","Team A","OG","Razor Batrider Shadow Demon Slark Elder Titan","Natus Vincere","Mirana Beastmaster Death Prophet Ursa Oracle","Team A"
"2551241703","4664","05 Aug 2016 09:36","2622","43:42","Team A","OG","Morphling Venomancer Batrider Keeper of the Light Earth Spirit","Natus Vincere","Razor Vengeful Spirit Beastmaster Omniknight Slark","Team A"
"2557955371","4664","08 Aug 2016 08:00","2346","39:06","Team B","OG","Juggernaut Batrider Shadow Demon Timbersaw Earth Spirit","MVP Phoenix","Faceless Void Phantom Assassin Dark Seer Bounty Hunter Spirit Breaker","Team B"
"2558033556","4664","08 Aug 2016 09:04","2601","43:21","Team B","OG","Batrider Outworld Devourer Naga Siren Terrorblade Oracle","MVP Phoenix","Mirana Vengeful Spirit Venomancer Faceless Void Alchemist","Team A"
"2558113366","4664","08 Aug 2016 10:14","1847","30:47","Team A","OG","Sven Tinker Faceless Void Keeper of the Light Elder Titan","MVP Phoenix","Axe Phantom Assassin Invoker Shadow Demon Ogre Magi","Team B"
"2560320998","4664","10 Aug 2016 12:35","3257","54:17","Team A","OG","Drow Ranger Witch Doctor Faceless Void Enchantress Medusa","TNC Pro Team","Axe Phantom Lancer Vengeful Spirit Lifestealer Elder Titan","Team B"
"2560377671","4664","10 Aug 2016 01:53","3563","59:23","Team B","OG","Tiny Dark Seer Ogre Magi Io Ember Spirit","TNC Pro Team","Drow Ranger Vengeful Spirit Faceless Void Dazzle Huskar","Team B"
"2673934091","4918","28 Sep 2016 07:02","2754","45:54","Team B","OG","Storm Spirit Batrider Shadow Demon Slark Elder Titan","iG.Vitality","Sven Beastmaster Bounty Hunter Timbersaw Oracle","Team A"
"2674016347","4918","28 Sep 2016 08:10","1371","22:51","Team A","OG","Drow Ranger Puck Medusa Elder Titan Oracle","iG.Vitality","Slardar Witch Doctor Lifestealer Bounty Hunter Outworld Devourer","Team A"
"2674424505","4918","28 Sep 2016 12:45","2375","39:35","Team A","OG","Earthshaker Outworld Devourer Naga Siren Earth Spirit Oracle","Evil Geniuses","Beastmaster Phantom Assassin Omniknight Lone Druid Io","Team A"
"2674540208","4918","28 Sep 2016 01:49","1634","27:14","Team B","OG","Mirana Morphling Sand King Kunkka Oracle","Evil Geniuses","Axe Omniknight Huskar Ursa Io","Team B"
"2674644594","4918","28 Sep 2016 02:40","1926","32:06","Team A","OG","Juggernaut Riki Invoker Shadow Demon Magnus","Evil Geniuses","Axe Morphling Io Timbersaw Earth Spirit","Team B"
"2676379849","4918","29 Sep 2016 12:20","1452","24:12","Team B","OG","Axe Drow Ranger Outworld Devourer Io Oracle","iG.Vitality","Juggernaut Tidehunter Shadow Demon Earth Spirit Terrorblade","Team A"
"2676457888","4918","29 Sep 2016 01:06","2459","40:59","Team A","OG","Bloodseeker Faceless Void Batrider Outworld Devourer Disruptor","iG.Vitality","Night Stalker Invoker Silencer Slark Earth Spirit","Team A"
"2677795728","4918","30 Sep 2016 04:18","2114","35:14","Team B","OG","Morphling Vengeful Spirit Death Prophet Batrider Earth Spirit","Newbee","Kunkka Lion Faceless Void Weaver Outworld Devourer","Team A"
"2677868731","4918","30 Sep 2016 05:26","2118","35:18","Team A","OG","Drow Ranger Puck Medusa Earth Spirit Phoenix","Newbee","Axe Sven Lina Alchemist Oracle","Team B"
"2677941169","4918","30 Sep 2016 06:30","1974","32:54","Team B","OG","Sven Sniper Batrider Rubick Keeper of the Light","Newbee","Kunkka Slardar Dazzle Lifestealer Outworld Devourer","Team B"
"2680048021","4918","01 Oct 2016 04:00","1870","31:10","Team A","OG","Axe Storm Spirit Dazzle Elder Titan Terrorblade","Vici Gaming","Juggernaut Mirana Slardar Shadow Demon Naga Siren","Team A"
"2680843902","4918","01 Oct 2016 11:50","2528","42:08","Team A","OG","Morphling Death Prophet Batrider Elder Titan Oracle","Team Secret","Tidehunter Templar Assassin Shadow Demon Ogre Magi Timbersaw","Team A"
"2680978460","4918","01 Oct 2016 12:57","4562","1:16:02","Team B","OG","Juggernaut Witch Doctor Batrider Naga Siren Io","Team Secret","Axe Kunkka Shadow Demon Slark Ember Spirit","Team A"
"2682745535","4918","02 Oct 2016 06:00","3267","54:27","Team A","OG","Morphling Lion Slardar Faceless Void Elder Titan","Evil Geniuses","Anti-Mage Puck Batrider Shadow Demon Naga Siren","Team B"
"2682879623","4918","02 Oct 2016 07:25","1851","30:51","Team B","OG","Drow Ranger Storm Spirit Batrider Ogre Magi Rubick","Evil Geniuses","Riki Beastmaster Lifestealer Outworld Devourer Oracle","Team A"
"2682989099","4918","02 Oct 2016 08:26","2081","34:41","Team A","OG","Storm Spirit Dazzle Batrider Naga Siren Earth Spirit","Evil Geniuses","Kunkka Luna Alchemist Shadow Demon Nyx Assassin","Team B"
"2752105396","4289","02 Nov 2016 08:37","3422","57:02","Team B","OG","Bloodseeker Vengeful Spirit Tinker Faceless Void Batrider","Escape Gaming","Juggernaut Tidehunter Lone Druid Ogre Magi Disruptor","Team A"
"2752216007","4289","02 Nov 2016 10:04","3642","1:00:42","Team A","OG","Pudge Dragon Knight Clinkz Skywrath Mage Legion Commander","Escape Gaming","Bane Sand King Kunkka Sniper Centaur Warrunner","Team B"
"2752301881","4289","02 Nov 2016 11:31","2409","40:09","Team B","OG","Venomancer Enchantress Spectre Spirit Breaker Magnus","Escape Gaming","Zeus Beastmaster Dazzle Weaver Ember Spirit","Team A"
"2754001919","4554","03 Nov 2016 09:11","1748","29:08","Team B","OG","Drow Ranger Pudge Dragon Knight Clockwerk Oracle","Prodota Gaming","Wraith King Batrider Disruptor Magnus Earth Spirit","Team A"
"2756460688","4289","04 Nov 2016 09:37","1019","16:59","Team A","OG","Clockwerk Keeper of the Light Bristleback Earth Spirit Arc Warden","Kaipi","Faceless Void Weaver Undying Magnus Oracle","Team A"
"2756521987","4289","04 Nov 2016 10:23","3419","56:59","Team A","OG","Kunkka Dragon Knight Silencer Brewmaster Elder Titan","Kaipi","Vengeful Spirit Slardar Witch Doctor Warlock Queen of Pain","Team A"
"2758509542","4554","05 Nov 2016 05:05","2582","43:02","Team A","OG","Templar Assassin Batrider Shadow Demon Naga Siren Earth Spirit","Fantastic Five","Juggernaut Leshrac Nyx Assassin Timbersaw Oracle","Team A"
"2758662234","4554","05 Nov 2016 06:09","1901","31:41","Team B","OG","Pudge Clockwerk Invoker Terrorblade Oracle","Fantastic Five","Axe Omniknight Weaver Outworld Devourer Disruptor","Team A"
"2761136622","4554","06 Nov 2016 05:07","1882","31:22","Team A","OG","Drow Ranger Dragon Knight Enchantress Batrider Oracle","Virtus.pro","Puck Luna Doom Shadow Demon Centaur Warrunner","Team B"
"2761247345","4554","06 Nov 2016 06:04","1377","22:57","Team A","OG","Pudge Vengeful Spirit Batrider Invoker Slark","Virtus.pro","Bloodseeker Mirana Beastmaster Lifestealer Ogre Magi","Team B"
"2761329697","4554","06 Nov 2016 06:49","1986","33:06","Team B","OG","Juggernaut Tiny Batrider Naga Siren Keeper of the Light","Virtus.pro","Shadow Fiend Sven Lion Slardar Dark Seer","Team A"
"2761419323","4554","06 Nov 2016 07:42","1472","24:32","Team B","OG","Drow Ranger Warlock Templar Assassin Batrider Earth Spirit","Virtus.pro","Juggernaut Tiny Tidehunter Ogre Magi Io","Team A"
"2761501729","4554","06 Nov 2016 08:37","2010","33:30","Team B","OG","Juggernaut Pudge Warlock Batrider Alchemist","Virtus.pro","Slardar Weaver Outworld Devourer Ogre Magi Disruptor","Team B"
"2761620508","4289","06 Nov 2016 10:11","2455","40:55","Team A","OG","Storm Spirit Kunkka Slardar Lifestealer Keeper of the Light","Evil Geniuses","Juggernaut Warlock Venomancer Clockwerk Underlord","Team B"
"2761684165","4289","06 Nov 2016 11:13","1395","23:15","Team B","OG","Mirana Pudge Clinkz Spirit Breaker Rubick","Evil Geniuses","Faceless Void Jakiro Undying Troll Warlord Magnus","Team B"
"2784988882","4442","17 Nov 2016 07:04","3382","56:22","Team B","OG","Juggernaut Warlock Dark Seer Invoker Earth Spirit","Digital Chaos","Venomancer Luna Clockwerk Ursa Ogre Magi","Team A"
"2785114392","4442","17 Nov 2016 08:29","1760","29:20","Team B","OG","Morphling Dragon Knight Clockwerk Keeper of the Light Elder Titan","Digital Chaos","Puck Lifestealer Invoker Rubick Naga Siren","Team A"
"2785402676","4442","18 Nov 2016 01:25","1640","27:20","Team B","OG","Juggernaut Pudge Warlock Batrider Alchemist","Evil Geniuses","Drow Ranger Witch Doctor Invoker Undying Nyx Assassin","Team A"
"2785448115","4442","18 Nov 2016 02:21","1680","28:00","Team A","OG","Drow Ranger Puck Dragon Knight Ogre Magi Oracle","Evil Geniuses","Sven Tiny Warlock Nyx Assassin Earth Spirit","Team A"
"2787593845","4442","19 Nov 2016 12:40","663","11:03","Team A","OG","Drow Ranger Pudge Batrider Invoker Rubick","Virtus.pro","Juggernaut Outworld Devourer Ogre Magi Disruptor Centaur Warrunner","Team A"
"2787628023","4442","19 Nov 2016 01:19","1480","24:40","Team B","OG","Bane Drow Ranger Puck Dazzle Invoker","Virtus.pro","Bloodseeker Dragon Knight Batrider Chen Ogre Magi","Team B"
"2787674014","4442","19 Nov 2016 02:08","2348","39:08","Team A","OG","Crystal Maiden Sven Dragon Knight Batrider Earth Spirit","Virtus.pro","Drow Ranger Mirana Slardar Weaver Ogre Magi","Team B"
"2792354133","4442","20 Nov 2016 07:07","1767","29:27","Team B","OG","Axe Crystal Maiden Juggernaut Tiny Naga Siren","Evil Geniuses","Venomancer Alchemist Ogre Magi Disruptor Timbersaw","Team B"
"2792438890","4442","20 Nov 2016 08:02","1995","33:15","Team A","OG","Juggernaut Warlock Beastmaster Invoker Ogre Magi","Evil Geniuses","Lifestealer Batrider Outworld Devourer Undying Disruptor","Team A"
"2792518645","4442","20 Nov 2016 09:00","1568","26:08","Team B","OG","Batrider Alchemist Ogre Magi Terrorblade Oracle","Evil Geniuses","Warlock Beastmaster Faceless Void Ancient Apparition Invoker","Team A"
"2792644393","4442","20 Nov 2016 10:51","2524","42:04","Team B","OG","Earthshaker Batrider Outworld Devourer Ogre Magi Terrorblade","Virtus.pro","Slardar Luna Dragon Knight Dark Seer Shadow Demon","Team B"
"2792706825","4442","21 Nov 2016 12:04","1376","22:56","Team A","OG","Drow Ranger Mirana Pudge Clockwerk Oracle","Virtus.pro","Juggernaut Sand King Lifestealer Ogre Magi Io","Team B"
"2792743374","4442","21 Nov 2016 12:51","1486","24:46","Team B","OG","Templar Assassin Batrider Chaos Knight Treant Protector Io","Virtus.pro","Slardar Lifestealer Enchantress Disruptor Ember Spirit","Team B"
"2798713380","4289","23 Nov 2016 10:38","2388","39:48","Team B","OG","Juggernaut Rubick Naga Siren Keeper of the Light Legion Commander","Team NP","Mirana Morphling Warlock Clockwerk Shadow Demon","Team A"
"2798779681","4289","23 Nov 2016 11:55","1170","19:30","Team A","OG","Dazzle Spirit Breaker Invoker Brewmaster Slark","Team NP","Dragon Knight Lifestealer Ogre Magi Io Abaddon","Team A"
"2798856666","4289","24 Nov 2016 01:35","1491","24:51","Team A","OG","Warlock Clockwerk Alchemist Earth Spirit Arc Warden","Evil Geniuses","Morphling Tinker Ogre Magi Disruptor Underlord","Team A"
"2799046764","4289","24 Nov 2016 04:55","1105","18:25","Team B","OG","Witch Doctor Wraith King Phantom Assassin Leshrac Nature's Prophet","Evil Geniuses","Bloodseeker Vengeful Spirit Lion Templar Assassin Treant Protector","Team B"
"2799103114","4289","24 Nov 2016 05:43","5191","1:26:31","Team A","OG","Lina Enigma Ancient Apparition Spirit Breaker Lone Druid","Evil Geniuses","Windranger Lich Doom Visage Winter Wyvern","Team A"
"2822992967","4874","04 Dec 2016 03:58","1457","24:17","Team B","OG","Mirana Luna Clockwerk Shadow Demon Timbersaw","iG.Vitality","Slardar Warlock Lifestealer Jakiro Legion Commander","Team A"
"2823111077","4874","04 Dec 2016 04:55","1972","32:52","Team B","OG","Warlock Beastmaster Ursa Invoker Ogre Magi","iG.Vitality","Juggernaut Tidehunter Bounty Hunter Rubick Timbersaw","Team B"
"2823227159","4874","04 Dec 2016 05:57","1652","27:32","Team A","OG","Slardar Luna Dragon Knight Shadow Demon Earth Spirit","iG.Vitality","Juggernaut Beastmaster Bounty Hunter Invoker Rubick","Team A"
"2823342211","4874","04 Dec 2016 07:05","1296","21:36","Team B","OG","Drow Ranger Mirana Dragon Knight Dazzle Brewmaster","Team AD FINEM","Storm Spirit Clockwerk Lifestealer Dark Seer Ogre Magi","Team A"
"2823417053","4874","04 Dec 2016 07:53","1902","31:42","Team B","OG","Anti-Mage Dragon Knight Batrider Shadow Demon Earth Spirit","Team AD FINEM","Earthshaker Luna Dark Seer Rubick Timbersaw","Team B"
"2823499921","4874","04 Dec 2016 08:52","1893","31:33","Team A","OG","Warlock Luna Alchemist Rubick Nyx Assassin","Team AD FINEM","Juggernaut Puck Clockwerk Batrider Shadow Demon","Team A"
"2829894984","4874","08 Dec 2016 01:38","2392","39:52","Team B","OG","Slardar Luna Dark Seer Shadow Demon Ember Spirit","MVP Phoenix","Juggernaut Vengeful Spirit Sniper Weaver Abaddon","Team A"
"2829954318","4874","08 Dec 2016 02:48","1907","31:47","Team B","OG","Axe Warlock Invoker Earth Spirit Terrorblade","MVP Phoenix","Mirana Pudge Vengeful Spirit Weaver Ursa","Team A"
"2833759265","4874","09 Dec 2016 06:31","3384","56:24","Team A","OG","Morphling Sand King Invoker Rubick Keeper of the Light","WarriorsGaming.Unity","Juggernaut Outworld Devourer Legion Commander Earth Spirit Oracle","Team B"
"2833913465","4874","09 Dec 2016 07:58","2100","35:00","Team A","OG","Sven Warlock Alchemist Ogre Magi Legion Commander","WarriorsGaming.Unity","Sand King Dragon Knight Lifestealer Shadow Demon Elder Titan","Team A"
"2834006526","4874","09 Dec 2016 08:57","2166","36:06","Team B","OG","Juggernaut Lina Batrider Alchemist Shadow Demon","WarriorsGaming.Unity","Pugna Luna Undying Rubick Legion Commander","Team A"
"2836078773","4874","10 Dec 2016 03:58","1730","28:50","Team B","OG","Dragon Knight Clockwerk Rubick Naga Siren Keeper of the Light","Evil Geniuses","Mirana Luna Leshrac Shadow Demon Nyx Assassin","Team A"
"2836231646","4874","10 Dec 2016 04:56","1817","30:17","Team A","OG","Slardar Dazzle Dark Seer Alchemist Outworld Devourer","Evil Geniuses","Morphling Clockwerk Ursa Ogre Magi Rubick","Team A"
"2836751528","4874","10 Dec 2016 09:14","2599","43:19","Team A","OG","Warlock Luna Outworld Devourer Legion Commander Earth Spirit","Team AD FINEM","Drow Ranger Puck Clockwerk Weaver Shadow Demon","Team A"
"2836855662","4874","10 Dec 2016 10:28","2111","35:11","Team B","OG","Drow Ranger Slardar Dragon Knight Dazzle Batrider","Team AD FINEM","Phantom Assassin Bounty Hunter Outworld Devourer Rubick Nyx Assassin","Team A"
"2836936292","4874","10 Dec 2016 11:37","4755","1:19:15","Team B","OG","Juggernaut Mirana Dragon Knight Shadow Demon Nyx Assassin","Team AD FINEM","Earthshaker Puck Luna Rubick Legion Commander","Team B"
"2837037509","4874","11 Dec 2016 01:26","2280","38:00","Team A","OG","Sven Warlock Invoker Legion Commander Earth Spirit","Team AD FINEM","Mirana Templar Assassin Lifestealer Rubick Nyx Assassin","Team A"
"2846261699","4979","14 Dec 2016 06:12","2545","42:25","Team A","OG","Axe Sand King Zeus Weaver Io","Team Alternate Attax","Shadow Fiend Luna Dazzle Clockwerk Underlord","Team A"
"2846395111","4979","14 Dec 2016 07:21","1943","32:23","Team B","OG","Faceless Void Leshrac Dark Seer Chaos Knight Visage","Team Alternate Attax","Sven Slardar Venomancer Ogre Magi Magnus","Team A"
"2850897460","4979","16 Dec 2016 06:00","1864","31:04","Team A","OG","Drow Ranger Nature's Prophet Invoker Chaos Knight Visage","Elements Pro Gaming","Templar Assassin Ogre Magi Slark Underlord Winter Wyvern","Team B"
"2851013927","4979","16 Dec 2016 06:55","3646","1:00:46","Team B","OG","Mirana Kunkka Alchemist Brewmaster Shadow Demon","Elements Pro Gaming","Juggernaut Lion Ogre Magi Nyx Assassin Slark","Team B"
"2851174425","4979","16 Dec 2016 08:22","2222","37:02","Team B","OG","Drow Ranger Windranger Lina Dragon Knight Batrider","Elements Pro Gaming","Puck Lifestealer Chaos Knight Nyx Assassin Visage","Team A"
"2851279116","4979","16 Dec 2016 09:29","2021","33:41","Team A","OG","Warlock Faceless Void Death Prophet Visage Legion Commander","Elements Pro Gaming","Witch Doctor Ogre Magi Slark Magnus Timbersaw","Team A"
"2851357162","4979","16 Dec 2016 10:26","2692","44:52","Team A","OG","Mirana Sand King Sven Zeus Elder Titan","Elements Pro Gaming","Faceless Void Dark Seer Omniknight Outworld Devourer Disruptor","Team A"
"2927599290","4979","20 Jan 2017 03:18","3194","53:14","Team B","OG","Axe Drow Ranger Pudge Warlock Dragon Knight","Invictus Gaming","Slardar Lifestealer Weaver Ember Spirit Winter Wyvern","Team B"
"2927799177","4979","20 Jan 2017 04:51","2924","48:44","Team A","OG","Sven Dazzle Clockwerk Ember Spirit Earth Spirit","Invictus Gaming","Slardar Lifestealer Jakiro Invoker Ogre Magi","Team A"
"2927955175","4979","20 Jan 2017 06:12","2319","38:39","Team A","OG","Pudge Dazzle Brewmaster Ember Spirit Terrorblade","Invictus Gaming","Slardar Weaver Outworld Devourer Ogre Magi Visage","Team A"
"2928296293","4979","20 Jan 2017 09:58","3442","57:22","Team A","OG","Lina Shadow Demon Centaur Warrunner Ember Spirit Terrorblade","Virtus.pro","Luna Invoker Rubick Nyx Assassin Io","Team A"
"2928405645","4979","20 Jan 2017 11:44","1770","29:30","Team A","OG","Vengeful Spirit Slark Legion Commander Ember Spirit Earth Spirit","Virtus.pro","Drow Ranger Sand King Batrider Invoker Disruptor","Team A"
"2932144938","4979","22 Jan 2017 02:59","1988","33:08","Team A","OG","Luna Invoker Rubick Legion Commander Phoenix","Evil Geniuses","Slardar Enigma Queen of Pain Shadow Demon Lone Druid","Team B"
"2932295320","4979","22 Jan 2017 04:08","1294","21:34","Team B","OG","Queen of Pain Dazzle Brewmaster Meepo Earth Spirit","Evil Geniuses","Vengeful Spirit Slardar Tinker Dark Seer Chen","Team B"
"2932445392","4979","22 Jan 2017 05:25","2385","39:45","Team B","OG","Anti-Mage Crystal Maiden Slardar Ogre Magi Ember Spirit","Faceless","Morphling Pudge Tinker Rubick Slark","Team A"
"2932646436","4979","22 Jan 2017 07:27","1990","33:10","Team A","OG","Crystal Maiden Alchemist Lone Druid Rubick Underlord","Evil Geniuses","Mirana Kunkka Luna Shadow Demon Centaur Warrunner","Team A"
"2932903146","4979","22 Jan 2017 10:45","2292","38:12","Team A","OG","Shadow Fiend Vengeful Spirit Slardar Weaver Brewmaster","Evil Geniuses","Enigma Lone Druid Rubick Ember Spirit Winter Wyvern","Team B"
"2933092997","4979","23 Jan 2017 02:39","3055","50:55","Team A","OG","Vengeful Spirit Slardar Sniper Batrider Ember Spirit","Evil Geniuses","Shadow Fiend Enigma Lone Druid Rubick Nyx Assassin","Team B"
"2991607520","4289","11 Feb 2017 04:16","1388","23:08","Team A","OG","Axe Crystal Maiden Pudge Storm Spirit Chaos Knight","Alliance","Necrophos Dazzle Batrider Undying Troll Warlord","Team A"
"2991714067","4289","11 Feb 2017 05:02","3508","58:28","Team B","OG","Windranger Kunkka Clinkz Centaur Warrunner Phoenix","Alliance","Morphling Ursa Gyrocopter Disruptor Elder Titan","Team A"
"2994454005","4289","12 Feb 2017 08:15","2560","42:40","Team A","OG","Anti-Mage Windranger Dragon Knight Clockwerk Ancient Apparition","Team AD FINEM","Puck Dark Seer Troll Warlord Winter Wyvern Monkey King","Team B"
"2994535806","4289","12 Feb 2017 09:19","1759","29:19","Team A","OG","Drow Ranger Mirana Spirit Breaker Visage Centaur Warrunner","Team AD FINEM","Sand King Lina Phantom Assassin Magnus Timbersaw","Team A"
"2994598672","4289","12 Feb 2017 10:16","2310","38:30","Team B","OG","Tinker Faceless Void Abaddon Elder Titan Phoenix","Team AD FINEM","Zeus Jakiro Spectre Doom Undying","Team A"
"2996459060","4289","13 Feb 2017 09:12","2793","46:33","Team B","OG","Warlock Queen of Pain Troll Warlord Legion Commander Earth Spirit","Alliance","Crystal Maiden Sven Windranger Kunkka Omniknight","Team A"
"2996533153","4289","13 Feb 2017 10:23","2093","34:53","Team A","OG","Storm Spirit Spirit Breaker Brewmaster Chaos Knight Keeper of the Light","Alliance","Bloodseeker Tinker Bounty Hunter Ogre Magi Skywrath Mage","Team A"
"3004059886","4289","17 Feb 2017 06:36","1750","29:10","Team B","OG","Anti-Mage Warlock Dark Seer Nyx Assassin Earth Spirit","compLexity Gaming","Tiny Leshrac Batrider Silencer Abaddon","Team A"
"3004155377","4289","17 Feb 2017 07:32","1632","27:12","Team A","OG","Kunkka Ancient Apparition Spirit Breaker Outworld Devourer Chaos Knight","compLexity Gaming","Sniper Brewmaster Rubick Disruptor Underlord","Team B"
"3004233472","4289","17 Feb 2017 08:23","2650","44:10","Team A","OG","Storm Spirit Riki Troll Warlord Magnus Oracle","compLexity Gaming","Earthshaker Pudge Tidehunter Venomancer Templar Assassin","Team A"
"3004301483","4289","17 Feb 2017 09:36","2529","42:09","Team B","OG","Axe Mirana Witch Doctor Chen Terrorblade","compLexity Gaming","Vengeful Spirit Zeus Lion Nature's Prophet Gyrocopter","Team A"
"3014869433","5077","23 Feb 2017 03:27","2877","47:57","Team B","OG","Axe Pudge Warlock Meepo Ember Spirit","TNC Pro Team","Juggernaut Sand King Batrider Rubick Timbersaw","Team A"
"3014944497","5077","23 Feb 2017 04:48","2046","34:06","Team A","OG","Warlock Templar Assassin Chen Lone Druid Centaur Warrunner","TNC Pro Team","Axe Juggernaut Invoker Rubick Nyx Assassin","Team A"
"3015249063","5077","23 Feb 2017 08:54","2778","46:18","Team B","OG","Crystal Maiden Storm Spirit Dark Seer Lone Druid Earth Spirit","Team Secret","Sniper Bounty Hunter Weaver Ogre Magi Centaur Warrunner","Team A"
"3015373220","5077","23 Feb 2017 10:12","2256","37:36","Team A","OG","Slardar Dark Seer Invoker Chaos Knight Disruptor","Team Secret","Crystal Maiden Queen of Pain Faceless Void Elder Titan Ember Spirit","Team A"
"3021697759","5077","26 Feb 2017 05:52","2750","45:50","Team B","OG","Juggernaut Pudge Warlock Alchemist Centaur Warrunner","Team VGJ","Sand King Invoker Keeper of the Light Slark Underlord","Team A"
"3021828707","5077","26 Feb 2017 07:13","2954","49:14","Team B","OG","Sven Slardar Invoker Earth Spirit Oracle","Team VGJ","Juggernaut Storm Spirit Undying Rubick Magnus","Team B"
"3021982129","5077","26 Feb 2017 08:38","2310","38:30","Team A","OG","Crystal Maiden Slardar Dark Seer Gyrocopter Invoker","Team VGJ","Warlock Weaver Naga Siren Keeper of the Light Centaur Warrunner","Team B"
"3080373475","5197","27 Mar 2017 03:02","2001","33:21","Team B","OG","Storm Spirit Rubick Centaur Warrunner Earth Spirit Terrorblade","the wings gaming","Shadow Shaman Luna Dazzle Silencer Abaddon","Team A"
"3080430453","5197","27 Mar 2017 04:12","1793","29:53","Team B","OG","Alchemist Rubick Visage Centaur Warrunner Terrorblade","the wings gaming","Earthshaker Lina Shadow Shaman Gyrocopter Abaddon","Team A"
"3080665877","5197","27 Mar 2017 07:59","2801","46:41","Team A","OG","Bloodseeker Storm Spirit Brewmaster Disruptor Visage","Faceless","Anti-Mage Crystal Maiden Ogre Magi Timbersaw Ember Spirit","Team A"
"3080759588","5197","27 Mar 2017 09:12","2513","41:53","Team B","OG","Drow Ranger Kunkka Lina Visage Centaur Warrunner","Faceless","Earthshaker Warlock Spectre Invoker Nyx Assassin","Team A"
"3082612437","5197","28 Mar 2017 08:07","2390","39:50","Team A","OG","Axe Lina Visage Elder Titan Terrorblade","Team Empire","Slardar Ursa Silencer Meepo Monkey King","Team A"
"3082703686","5197","28 Mar 2017 09:13","3044","50:44","Team B","OG","Kunkka Invoker Visage Centaur Warrunner Arc Warden","Team Empire","Sand King Meepo Ogre Magi Rubick Troll Warlord","Team A"
"3083063877","5197","28 Mar 2017 01:00","2271","37:51","Team B","OG","Lina Alchemist Centaur Warrunner Terrorblade Winter Wyvern","LGD.Forever Young","Shadow Fiend Vengeful Spirit Slardar Ember Spirit Monkey King","Team A"
"3083179978","5197","28 Mar 2017 02:04","1922","32:02","Team A","OG","Lina Keeper of the Light Troll Warlord Magnus Tusk","LGD.Forever Young","Morphling Disruptor Legion Commander Ember Spirit Monkey King","Team A"
"3084312846","5197","29 Mar 2017 05:16","2678","44:38","Team B","OG","Batrider Disruptor Nyx Assassin Troll Warlord Monkey King","Team VGJ","Lina Warlock Tusk Legion Commander Ember Spirit","Team B"
"3084383551","5197","29 Mar 2017 06:29","2423","40:23","Team A","OG","Enigma Naga Siren Ember Spirit Winter Wyvern Monkey King","Team VGJ","Sand King Phantom Assassin Dazzle Outworld Devourer Magnus","Team A"
"3090280204","5197","01 Apr 2017 04:10","3429","57:09","Team B","OG","Storm Spirit Enigma Naga Siren Visage Elder Titan","Newbee","Shadow Fiend Sand King Lion Warlock Lifestealer","Team A"
"3090381445","5197","01 Apr 2017 05:43","2926","48:46","Team A","OG","Enigma Alchemist Outworld Devourer Visage Monkey King","Newbee","Morphling Ursa Rubick Io Centaur Warrunner","Team A"
"3095014807","5197","03 Apr 2017 07:47","3428","57:08","Team B","OG","Vengeful Spirit Clockwerk Night Stalker Alchemist Visage","Invictus Gaming","Crystal Maiden Tinker Lifestealer Batrider Nyx Assassin","Team A"
"3095178259","5197","03 Apr 2017 09:41","1418","23:38","Team A","OG","Storm Spirit Visage Slark Abaddon Earth Spirit","Invictus Gaming","Crystal Maiden Juggernaut Lina Legion Commander Monkey King","Team B"
"3095239462","5197","03 Apr 2017 10:20","3214","53:34","Team B","OG","Warlock Templar Assassin Naga Siren Centaur Warrunner Monkey King","Invictus Gaming","Storm Spirit Lina Lifestealer Nyx Assassin Earth Spirit","Team A"
"3097027819","5197","04 Apr 2017 08:00","3800","1:03:20","Team B","OG","Puck Alchemist Shadow Demon Earth Spirit Terrorblade","Invictus Gaming","Juggernaut Storm Spirit Riki Warlock Magnus","Team B"
"3097156080","5197","04 Apr 2017 09:31","1859","30:59","Team A","OG","Juggernaut Enigma Warlock Invoker Centaur Warrunner","Invictus Gaming","Lina Riki Spectre Rubick Magnus","Team B"
"3097263923","5197","04 Apr 2017 10:42","2306","38:26","Team B","OG","Axe Lone Druid Visage Ember Spirit Monkey King","Invictus Gaming","Shadow Fiend Vengeful Spirit Warlock Legion Commander Earth Spirit","Team B"
"3137046741","5157","24 Apr 2017 08:02","3251","54:11","Team A","OG","Shadow Shaman Faceless Void Batrider Arc Warden Monkey King","SG e-sports","Crystal Maiden Puck Enigma Clockwerk Slark","Team B"
"3137147095","5157","24 Apr 2017 09:25","2074","34:34","Team B","OG","Enigma Outworld Devourer Disruptor Naga Siren Monkey King","SG e-sports","Morphling Silencer Treant Protector Legion Commander Ember Spirit","Team A"
"3137225459","5157","24 Apr 2017 10:27","1907","31:47","Team A","OG","Vengeful Spirit Enigma Dragon Knight Treant Protector Terrorblade","SG e-sports","Faceless Void Invoker Rubick Centaur Warrunner Monkey King","Team A"
"3137643518","5157","24 Apr 2017 03:03","2467","41:07","Team B","OG","Clockwerk Invoker Silencer Arc Warden Monkey King","Invictus Gaming","Juggernaut Templar Assassin Magnus Earth Spirit Phoenix","Team B"
"3137782735","5157","24 Apr 2017 04:16","2787","46:27","Team A","OG","Dragon Knight Clockwerk Spectre Phoenix Monkey King","Invictus Gaming","Anti-Mage Storm Spirit Riki Silencer Magnus","Team B"
"3138972122","5157","25 Apr 2017 10:47","1906","31:46","Team B","OG","Puck Templar Assassin Disruptor Naga Siren Monkey King","Team Random","Vengeful Spirit Lion Warlock Medusa Legion Commander","Team A"
"3139052266","5157","25 Apr 2017 11:47","2261","37:41","Team A","OG","Shadow Fiend Kunkka Warlock Clockwerk Abaddon","Team Random","Crystal Maiden Morphling Lina Batrider Monkey King","Team B"
"3139141584","5157","25 Apr 2017 12:52","3443","57:23","Team B","OG","Axe Invoker Treant Protector Disruptor Naga Siren","Team Random","Earthshaker Dazzle Broodmother Troll Warlord Ember Spirit","Team A"
"3139522868","5157","25 Apr 2017 04:23","2520","42:00","Team A","OG","Warlock Dragon Knight Legion Commander Arc Warden Monkey King","w33ha earthspirit","Anti-Mage Lina Beastmaster Bounty Hunter Rubick","Team B"
"3139652866","5157","25 Apr 2017 05:34","2896","48:16","Team B","OG","Crystal Maiden Puck Alchemist Treant Protector Ember Spirit","w33ha earthspirit","Morphling Pudge Lina Nature's Prophet Rubick","Team A"
"3139768515","5157","25 Apr 2017 06:51","1945","32:25","Team B","OG","Lina Batrider Alchemist Timbersaw Elder Titan","w33ha earthspirit","Vengeful Spirit Slardar Lifestealer Meepo Treant Protector","Team A"
"3144437316","5157","28 Apr 2017 01:13","2904","48:24","Team B","OG","Shadow Shaman Enigma Spectre Timbersaw Monkey King","Team Random","Crystal Maiden Leshrac Night Stalker Weaver Alchemist","Team A"
"3144607791","5157","28 Apr 2017 02:51","2379","39:39","Team B","OG","Dazzle Brewmaster Tusk Ember Spirit Arc Warden","Team Random","Vengeful Spirit Death Prophet Batrider Troll Warlord Winter Wyvern","Team B"
"3144797892","5157","28 Apr 2017 04:25","1928","32:08","Team B","OG","Crystal Maiden Alchemist Treant Protector Legion Commander Ember Spirit","Team Random","Anti-Mage Lina Nature's Prophet Rubick Monkey King","Team A"
"3146474108","5157","29 Apr 2017 12:57","1679","27:59","Team B","OG","Shadow Shaman Enigma Batrider Alchemist Outworld Devourer","Faceless","Crystal Maiden Morphling Ogre Magi Slark Abaddon","Team B"
"3146595270","5157","29 Apr 2017 02:04","2156","35:56","Team B","OG","Pudge Templar Assassin Disruptor Naga Siren Centaur Warrunner","Faceless","Crystal Maiden Morphling Outworld Devourer Ogre Magi Nyx Assassin","Team A"
"3146730782","5157","29 Apr 2017 03:11","2567","42:47","Team B","OG","Axe Disruptor Naga Siren Elder Titan Terrorblade","Faceless","Crystal Maiden Tiny Kunkka Alchemist Bristleback","Team A"
"3148575443","5157","30 Apr 2017 12:12","3101","51:41","Team A","OG","Treant Protector Legion Commander Ember Spirit Terrorblade Phoenix","Evil Geniuses","Warlock Queen of Pain Spectre Magnus Monkey King","Team A"
"3148721353","5157","30 Apr 2017 01:32","3639","1:00:39","Team B","OG","Axe Crystal Maiden Templar Assassin Treant Protector Timbersaw","Evil Geniuses","Death Prophet Rubick Io Slark Legion Commander","Team A"
"3149054430","5157","30 Apr 2017 04:12","2954","49:14","Team A","OG","Batrider Invoker Terrorblade Phoenix Monkey King","Virtus.pro","Warlock Ursa Slark Magnus Tusk","Team A"
"3149215336","5157","30 Apr 2017 05:32","2109","35:09","Team A","OG","Templar Assassin Batrider Spectre Phoenix Monkey King","Virtus.pro","Sand King Warlock Ursa Magnus Terrorblade","Team B"
"3149353238","5157","30 Apr 2017 06:46","2902","48:22","Team B","OG","Storm Spirit Medusa Magnus Elder Titan Phoenix","Virtus.pro","Axe Warlock Dragon Knight Lifestealer Night Stalker","Team B"
"3149480550","5157","30 Apr 2017 08:05","2038","33:58","Team A","OG","Enigma Warlock Ember Spirit Earth Spirit Terrorblade","Virtus.pro","Crystal Maiden Juggernaut Silencer Magnus Monkey King","Team A"
"3149572447","5157","30 Apr 2017 09:09","3572","59:32","Team A","OG","Dazzle Treant Protector Troll Warlord Centaur Warrunner Timbersaw","Virtus.pro","Warlock Enchantress Alchemist Outworld Devourer Legion Commander","Team A"
"3202378726","5313","25 May 2017 05:19","2108","35:08","Team A","OG","Kunkka Faceless Void Dark Seer Ember Spirit Phoenix","Team NP","Clockwerk Lycan Keeper of the Light Bristleback Earth Spirit","Team A"
"3202452265","5313","25 May 2017 06:29","1840","30:40","Team B","OG","Templar Assassin Dark Seer Jakiro Chaos Knight Tusk","Team NP","Puck Weaver Batrider Treant Protector Nyx Assassin","Team B"
"3202564238","5313","25 May 2017 08:04","3069","51:09","Team B","OG","Storm Spirit Warlock Rubick Nyx Assassin Terrorblade","Team NP","Bane Earthshaker Mirana Puck Visage","Team A"
"3203009550","5313","25 May 2017 01:11","2184","36:24","Team B","OG","Kunkka Batrider Naga Siren Ember Spirit Phoenix","Newbee","Anti-Mage Sand King Tidehunter Ursa Disruptor","Team B"
"3203120505","5313","25 May 2017 02:13","1927","32:07","Team B","OG","Crystal Maiden Templar Assassin Chen Troll Warlord Legion Commander","Newbee","Storm Spirit Lifestealer Nyx Assassin Visage Phoenix","Team B"
"3206524339","5313","27 May 2017 08:05","2561","42:41","Team A","OG","Earthshaker Pudge Warlock Invoker Arc Warden","Faceless","Crystal Maiden Shadow Fiend Clockwerk Enchantress Troll Warlord","Team A"
"3206650679","5313","27 May 2017 09:26","2185","36:25","Team A","OG","Sand King Storm Spirit Warlock Dark Seer Lycan","Faceless","Anti-Mage Crystal Maiden Clockwerk Night Stalker Weaver","Team B"
"3206775767","5313","27 May 2017 10:39","3264","54:24","Team B","OG","Mirana Shadow Shaman Faceless Void Clockwerk Elder Titan","Faceless","Crystal Maiden Sand King Weaver Naga Siren Bristleback","Team B"
"3225052468","5353","04 Jun 2017 06:07","1900","31:40","Team A","OG","Shadow Shaman Slardar Venomancer Timbersaw Terrorblade","LGD.Forever Young","Crystal Maiden Zeus Dragon Knight Night Stalker Bristleback","Team B"
"3225158198","5353","04 Jun 2017 07:07","3460","57:40","Team B","OG","Juggernaut Puck Disruptor Naga Siren Earth Spirit","LGD.Forever Young","Lina Dazzle Night Stalker Batrider Terrorblade","Team B"
"3226506568","5353","05 Jun 2017 01:25","1946","32:26","Team B","OG","Dragon Knight Dazzle Night Stalker Batrider Gyrocopter","Natus Vincere","Queen of Pain Clockwerk Rubick Io Troll Warlord","Team A"
"3226648144","5353","05 Jun 2017 02:39","3052","50:52","Team A","OG","Axe Dazzle Invoker Lone Druid Earth Spirit","Natus Vincere","Crystal Maiden Enigma Troll Warlord Magnus Tusk","Team A"
"3228512352","5353","06 Jun 2017 01:42","1521","25:21","Team A","OG","Puck Storm Spirit Dazzle Gyrocopter Treant Protector","Team Liquid","Juggernaut Dark Seer Invoker Disruptor Tusk","Team B"
"3228618966","5353","06 Jun 2017 02:37","2607","43:27","Team A","OG","Drow Ranger Dazzle Invoker Brewmaster Earth Spirit","Team Liquid","Enigma Queen of Pain Lone Druid Disruptor Tusk","Team A"
"3228786798","5353","06 Jun 2017 03:58","3066","51:06","Team A","OG","Juggernaut Kunkka Batrider Disruptor Naga Siren","Team Liquid","Pudge Lion Faceless Void Invoker Nyx Assassin","Team B"
"3230930003","5353","07 Jun 2017 05:37","1722","28:42","Team A","OG","Drow Ranger Puck Kunkka Brewmaster Visage","Team Secret","Storm Spirit Tidehunter Dazzle Nyx Assassin Troll Warlord","Team B"
"3231018652","5353","07 Jun 2017 06:27","2582","43:02","Team B","OG","Earthshaker Luna Dragon Knight Dazzle Tusk","Team Secret","Storm Spirit Sven Ancient Apparition Nyx Assassin Magnus","Team B"
"3293480465","5504","05 Jul 2017 04:01","2048","34:08","Team A","OG","Shadow Shaman Faceless Void Invoker Winter Wyvern Arc Warden","Evil Geniuses","Drow Ranger Earthshaker Storm Spirit Kunkka Io","Team B"
"3293754225","5504","05 Jul 2017 08:09","2473","41:13","Team A","OG","Night Stalker Batrider Meepo Visage Ember Spirit","LGD-GAMING","Mirana Kunkka Tidehunter Faceless Void Ancient Apparition","Team B"
"3294264330","5504","05 Jul 2017 01:22","3071","51:11","Team A","OG","Puck Tidehunter Chaos Knight Earth Spirit Phoenix","Vici Gaming","Sand King Warlock Templar Assassin Batrider Troll Warlord","Team A"
"3295538121","5504","06 Jul 2017 04:15","1500","25:00","Team B","OG","Sand King Dazzle Invoker Visage Bristleback","Newbee","Earthshaker Death Prophet Ursa Disruptor Earth Spirit","Team A"
"3295721949","5504","06 Jul 2017 07:11","2203","36:43","Team B","OG","Vengeful Spirit Tidehunter Invoker Earth Spirit Terrorblade","Invictus Gaming","Razor Sniper Warlock Night Stalker Doom","Team A"
"3295827228","5504","06 Jul 2017 08:35","2617","43:37","Team B","OG","Invoker Chaos Knight Visage Centaur Warrunner Phoenix","LGD.Forever Young","Sand King Warlock Death Prophet Weaver Nyx Assassin","Team A"
"3296070755","5504","06 Jul 2017 11:17","1437","23:57","Team B","OG","Beastmaster Invoker Chaos Knight Earth Spirit Oracle","Clutch Gamers","Juggernaut Batrider Outworld Devourer Nyx Assassin Phoenix","Team A"
"3297590251","5504","07 Jul 2017 04:39","2125","35:25","Team B","OG","Bloodseeker Tidehunter Invoker Tusk Phoenix","LGD-GAMING","Mirana Kunkka Shadow Shaman Faceless Void Gyrocopter","Team B"
"3297677969","5504","07 Jul 2017 06:04","2715","45:15","Team B","OG","Enigma Faceless Void Death Prophet Tusk Phoenix","LGD-GAMING","Kunkka Shadow Shaman Beastmaster Queen of Pain Medusa","Team B"
"3299540341","5504","08 Jul 2017 04:06","2534","42:14","Team B","OG","Storm Spirit Kunkka Nyx Assassin Visage Oracle","Evil Geniuses","Bane Mirana Sand King Invoker Brewmaster","Team A"
"3299636632","5504","08 Jul 2017 05:24","3118","51:58","Team A","OG","Kunkka Tidehunter Tinker Dazzle Chaos Knight","Evil Geniuses","Zeus Lich Faceless Void Clinkz Elder Titan","Team B"
"3299741115","5504","08 Jul 2017 06:43","2565","42:45","Team B","OG","Earthshaker Faceless Void Visage Oracle Monkey King","Evil Geniuses","Pudge Storm Spirit Ursa Nyx Assassin Keeper of the Light","Team A"
"3300751087","5504","08 Jul 2017 03:30","2552","42:32","Team A","OG","Shadow Shaman Invoker Lone Druid Rubick Centaur Warrunner","Newbee","Puck Sand King Queen of Pain Lycan Visage","Team B"
"3300913642","5504","08 Jul 2017 04:40","4152","1:09:12","Team B","OG","Puck Vengeful Spirit Venomancer Invoker Earth Spirit","Newbee","Earthshaker Sven Templar Assassin Nyx Assassin Visage","Team B"
"3352119361","5401","02 Aug 2017 08:10","2608","43:28","Team B","OG","Phantom Lancer Templar Assassin Nyx Assassin Centaur Warrunner Winter Wyvern","Cloud9","Juggernaut Lich Queen of Pain Night Stalker Batrider","Team A"
"3352190511","5401","02 Aug 2017 09:23","2856","47:36","Team B","OG","Axe Pugna Invoker Tusk Phoenix","Cloud9","Juggernaut Lina Lich Timbersaw Earth Spirit","Team A"
"3352363731","5401","03 Aug 2017 12:30","2193","36:33","Team A","OG","Slardar Invoker Chaos Knight Keeper of the Light Bristleback","Digital Chaos","Sand King Sven Queen of Pain Batrider Silencer","Team B"
"3352405556","5401","03 Aug 2017 01:37","3288","54:48","Team A","OG","Earthshaker Faceless Void Death Prophet Dazzle Earth Spirit","Digital Chaos","Puck Sand King Enigma Batrider Lycan","Team A"
"3353737069","5401","03 Aug 2017 06:01","3432","57:12","Team B","OG","Anti-Mage Clockwerk Brewmaster Tusk Winter Wyvern","Newbee","Morphling Lich Bounty Hunter Silencer Legion Commander","Team B"
"3353852872","5401","03 Aug 2017 07:26","2208","36:48","Team B","OG","Earthshaker Phantom Lancer Templar Assassin Brewmaster Winter Wyvern","Newbee","Faceless Void Ancient Apparition Alchemist Invoker Rubick","Team A"
"3354058128","5401","03 Aug 2017 10:21","1946","32:26","Team B","OG","Phantom Lancer Enigma Ursa Nyx Assassin Phoenix","HellRaisers","Earthshaker Shadow Fiend Clockwerk Lifestealer Ancient Apparition","Team A"
"3354118306","5401","03 Aug 2017 11:19","1312","21:52","Team A","OG","Anti-Mage Slardar Death Prophet Brewmaster Winter Wyvern","HellRaisers","Lich Dark Seer Night Stalker Outworld Devourer Troll Warlord","Team A"
"3354286673","5401","04 Aug 2017 02:57","2556","42:36","Team B","OG","Earthshaker Nature's Prophet Invoker Visage Terrorblade","Virtus.pro","Witch Doctor Queen of Pain Venomancer Night Stalker Lycan","Team B"
"3354345479","5401","04 Aug 2017 04:09","4076","1:07:56","Team B","OG","Morphling Pugna Brewmaster Earth Spirit Winter Wyvern","Virtus.pro","Sand King Death Prophet Enchantress Ursa Ogre Magi","Team B"
"3356137447","5401","05 Aug 2017 12:31","1875","31:15","Team A","OG","Slardar Necrophos Batrider Alchemist Oracle","Invictus Gaming","Bloodseeker Morphling Puck Sand King Keeper of the Light","Team A"
"3356189302","5401","05 Aug 2017 01:50","2658","44:18","Team A","OG","Earthshaker Phantom Lancer Enigma Treant Protector Phoenix","Invictus Gaming","Lich Troll Warlord Legion Commander Ember Spirit Earth Spirit","Team B"
"3357781916","5401","05 Aug 2017 06:00","1987","33:07","Team B","OG","Slardar Death Prophet Batrider Alchemist Oracle","Execration","Juggernaut Puck Sand King Shadow Shaman Necrophos","Team B"
"3357885749","5401","05 Aug 2017 06:55","1642","27:22","Team A","OG","Bloodseeker Dazzle Clockwerk Alchemist Nyx Assassin","Execration","Kunkka Shadow Shaman Nature's Prophet Lycan Timbersaw","Team A"
"3358183864","5401","05 Aug 2017 10:30","1227","20:27","Team A","OG","Axe Earthshaker Sven Death Prophet Visage","LGD.Forever Young","Morphling Venomancer Dazzle Nature's Prophet Nyx Assassin","Team B"
"3358237109","5401","05 Aug 2017 11:19","1637","27:17","Team B","OG","Phantom Lancer Dazzle Night Stalker Magnus Ember Spirit","LGD.Forever Young","Puck Venomancer Spirit Breaker Visage Monkey King","Team A"
"3362609879","5401","08 Aug 2017 05:02","1994","33:14","Team B","OG","Dazzle Invoker Brewmaster Chaos Knight Tusk","Infamous、","Earthshaker Lich Viper Night Stalker Troll Warlord","Team A"
"3365858882","5401","09 Aug 2017 07:30","2190","36:30","Team A","OG","Lich Necrophos Invoker Centaur Warrunner Earth Spirit","TNC Pro Team","Crystal Maiden Sand King Queen of Pain Luna Dark Seer","Team A"
"3365946637","5401","09 Aug 2017 08:37","2355","39:15","Team B","OG","Earthshaker Templar Assassin Disruptor Naga Siren Legion Commander","TNC Pro Team","Luna Clockwerk Outworld Devourer Shadow Demon Earth Spirit","Team A"
"3367983348","5401","10 Aug 2017 09:39","3327","55:27","Team B","OG","Phantom Lancer Lich Rubick Magnus Ember Spirit","LGD-GAMING","Earthshaker Leshrac Night Stalker Batrider Bristleback","Team B"
"3368083254","5401","10 Aug 2017 11:10","2690","44:50","Team B","OG","Juggernaut Queen of Pain Nyx Assassin Magnus Winter Wyvern","LGD-GAMING","Storm Spirit Sven Kunkka Shadow Shaman Batrider","Team B"
"3453428132","5616","19 Sep 2017 03:03","2124","35:24","Team B","OG","Phantom Lancer Lich Death Prophet Pugna Earth Spirit","SFTe-SPORTS","Bane Necrophos Clockwerk Gyrocopter Nyx Assassin","Team B"
"3453529796","5616","19 Sep 2017 03:57","2949","49:09","Team B","OG","Lich Queen of Pain Lycan Brewmaster Earth Spirit","SFTe-SPORTS","Faceless Void Night Stalker Weaver Ancient Apparition Invoker","Team A"
"3453678774","5616","19 Sep 2017 05:26","3616","1:00:16","Team A","OG","Phantom Lancer Necrophos Jakiro Brewmaster Nyx Assassin","SFTe-SPORTS","Razor Shadow Shaman Venomancer Undying Arc Warden","Team A"
"3453899726","5616","19 Sep 2017 07:40","1749","29:09","Team A","OG","Venomancer Pugna Alchemist Earth Spirit Oracle","HellRaisers","Bane Earthshaker Mirana Invoker Monkey King","Team A"
"3453966095","5616","19 Sep 2017 08:32","3143","52:23","Team B","OG","Earthshaker Witch Doctor Queen of Pain Weaver Brewmaster","HellRaisers","Shadow Shaman Venomancer Dragon Knight Night Stalker Batrider","Team A"
"3455692795","5616","20 Sep 2017 08:08","3924","1:05:24","Team B","OG","Earthshaker Vengeful Spirit Outworld Devourer Brewmaster Terrorblade","mousesports","Beastmaster Ancient Apparition Nyx Assassin Timbersaw Arc Warden","Team B"
"3455804292","5616","20 Sep 2017 09:39","1841","30:41","Team A","OG","Axe Necrophos Ancient Apparition Alchemist Earth Spirit","mousesports","Anti-Mage Beastmaster Jakiro Nyx Assassin Skywrath Mage","Team A"
"3455860594","5616","20 Sep 2017 10:36","3795","1:03:15","Team B","OG","Earthshaker Witch Doctor Queen of Pain Faceless Void Nature's Prophet","mousesports","Templar Assassin Batrider Ancient Apparition Spirit Breaker Lycan","Team B"
"3457676571","5579","21 Sep 2017 08:35","3119","51:59","Team A","OG","Lich Weaver Batrider Earth Spirit Arc Warden","Team Kinguin","Venomancer Pugna Ancient Apparition Lone Druid Rubick","Team A"
"3457764469","5579","21 Sep 2017 09:50","2255","37:35","Team B","OG","Necrophos Batrider Ancient Apparition Nyx Assassin Terrorblade","Team Kinguin","Earthshaker Lich Troll Warlord Magnus Monkey King","Team A"
"3459241952","5609","22 Sep 2017 05:08","1928","32:08","Team A","OG","Slardar Venomancer Alchemist Legion Commander Oracle","SFTe-SPORTS","Enchantress Chaos Knight Rubick Nyx Assassin Monkey King","Team B"
"3459362678","5609","22 Sep 2017 06:09","1775","29:35","Team B","OG","Shadow Shaman Necrophos Night Stalker Magnus Terrorblade","SFTe-SPORTS","Sven Lich Jakiro Nyx Assassin Monkey King","Team B"
"3461471433","5579","23 Sep 2017 05:12","2112","35:12","Team B","OG","Mirana Tiny Lich Io Underlord","Team Secret","Bane Razor  Nature's Prophet Rubick Ember Spirit","Team A"
"3461600560","5579","23 Sep 2017 06:13","2434","40:34","Team A","OG","Lich Faceless Void Death Prophet Batrider Tusk","Team Secret","Venomancer Pugna Weaver Chen Rubick","Team B"
"3461724849","5579","23 Sep 2017 07:17","3193","53:13","Team B","OG","Earthshaker Tiny Ancient Apparition Chaos Knight Io","Team Secret","Puck Razor Lich Nyx Assassin Terrorblade","Team B"
"3463683071","5579","24 Sep 2017 04:32","5067","1:24:27","Team A","OG","Phantom Lancer Razor Lich Earth Spirit Underlord","Team Kinguin","Nature's Prophet Night Stalker Gyrocopter Outworld Devourer Disruptor","Team A"
"3463891097","5579","24 Sep 2017 06:25","3094","51:34","Team B","OG","Necrophos Wraith King Dark Seer Disruptor Nyx Assassin","Team Kinguin","Bloodseeker Earthshaker Venomancer Silencer Lone Druid","Team A"
"3467690896","5579","26 Sep 2017 06:03","2618","43:38","Team B","OG","Lina Witch Doctor Batrider Earth Spirit Terrorblade","Team Secret","Necrophos Lifestealer Chen Invoker Rubick","Team B"
"3467807003","5579","26 Sep 2017 07:20","2440","40:40","Team A","OG","Necrophos Jakiro Alchemist Brewmaster Keeper of the Light","Team Secret","Anti-Mage Puck Lich Queen of Pain Rubick","Team B"
"3471420459","5690","28 Sep 2017 09:14","1955","32:35","Team B","OG","Bloodseeker Lich Brewmaster Rubick Ember Spirit","HellRaisers","Puck Ancient Apparition Outworld Devourer Nyx Assassin Timbersaw","Team A"
"3471482236","5690","28 Sep 2017 10:13","3318","55:18","Team A","OG","Shadow Shaman Invoker Brewmaster Ember Spirit Earth Spirit","HellRaisers","Earthshaker Shadow Fiend Clockwerk Ancient Apparition Monkey King","Team A"
"3473009682","5690","29 Sep 2017 06:07","2562","42:42","Team A","OG","Crystal Maiden Queen of Pain Chaos Knight Earth Spirit Underlord","Mid or Feed","Bane Necrophos Viper Nature's Prophet Enchantress","Team A"
"3473125895","5690","29 Sep 2017 07:15","2438","40:38","Team B","OG","Lich Batrider Gyrocopter Rubick Ember Spirit","Mid or Feed","Juggernaut Puck Nature's Prophet Jakiro Chen","Team A"
"3475325379","5690","30 Sep 2017 08:07","2559","42:39","Team A","OG","Clinkz Ember Spirit Earth Spirit Underlord Winter Wyvern","HellRaisers","Earthshaker Shadow Shaman Nature's Prophet Doom Outworld Devourer","Team B"
"3475430774","5690","30 Sep 2017 09:15","2166","36:06","Team B","OG","Phantom Lancer Shadow Shaman Queen of Pain Brewmaster Rubick","HellRaisers","Lion Beastmaster Venomancer Clockwerk Meepo","Team A"
"3475514804","5690","30 Sep 2017 10:15","2854","47:34","Team B","OG","Puck Doom Invoker Rubick Arc Warden","HellRaisers","Drow Ranger Earthshaker Shadow Shaman Enigma Venomancer","Team A"
"3475605826","5690","30 Sep 2017 11:33","2295","38:15","Team B","OG","Sven Death Prophet Batrider Ancient Apparition Io","HellRaisers","Earthshaker Necrophos Silencer Lone Druid Abaddon","Team B"
"3475671249","5690","01 Oct 2017 12:42","3420","57:00","Team B","OG","Bloodseeker Tidehunter Weaver Rubick Earth Spirit","HellRaisers","Razor Night Stalker Jakiro Batrider Lycan","Team A"
"3484711206","5336","05 Oct 2017 06:36","2894","48:14","Team B","OG","Chen Brewmaster Chaos Knight Disruptor Visage","Team Empire","Queen of Pain Venomancer Night Stalker Ancient Apparition Doom","Team A"
"3484832389","5336","05 Oct 2017 07:55","2284","38:04","Team B","OG","Warlock Lifestealer Invoker Legion Commander Earth Spirit","Team Empire","Pugna Night Stalker Batrider Disruptor Slark","Team A"
"3484939240","5336","05 Oct 2017 09:14","1955","32:35","Team A","OG","Puck Necrophos Chen Lone Druid Disruptor","Virtus.pro","Tiny Witch Doctor Batrider Io Legion Commander","Team A"
"3485007131","5336","05 Oct 2017 10:15","2942","49:02","Team B","OG","Queen of Pain Venomancer Broodmother Chen Rubick","Virtus.pro","Earthshaker Nature's Prophet Weaver Ancient Apparition Meepo","Team B"
"3486887783","5336","06 Oct 2017 09:00","3252","54:12","Team B","OG","Phantom Lancer Lich Rubick Ember Spirit Underlord","Vega Squadron","Anti-Mage Sand King Nature's Prophet Ancient Apparition Monkey King","Team B"
"3487002683","5336","06 Oct 2017 10:25","1809","30:09","Team A","OG","Lich Venomancer Doom Lycan Visage","Vega Squadron","Bane Earthshaker Mirana Broodmother Legion Commander","Team A"
"3539645043","5690","03 Nov 2017 12:08","2122","35:22","Team A","OG","Faceless Void Ancient Apparition Brewmaster Medusa Earth Spirit","Vici Gaming","Shadow Shaman Weaver Doom Outworld Devourer Undying","Team A"
"3539833160","5690","03 Nov 2017 01:41","2192","36:32","Team A","OG","Storm Spirit Viper Centaur Warrunner Tusk Phoenix","Vici Gaming","Juggernaut Shadow Shaman Death Prophet Undying Magnus","Team B"
"3539980173","5690","03 Nov 2017 02:45","3219","53:39","Team B","OG","Puck Vengeful Spirit Sniper Clockwerk Winter Wyvern","Vici Gaming","Mirana Lion Faceless Void Outworld Devourer Ogre Magi","Team B"
"3542160201","5690","04 Nov 2017 01:33","1274","21:14","Team B","OG","Venomancer Clockwerk Brewmaster Disruptor Terrorblade","Fnatic","Razor Shadow Shaman Dragon Knight Nature's Prophet Night Stalker","Team A"
"3542603444","5690","04 Nov 2017 04:36","2578","42:58","Team B","OG","Razor Ogre Magi Rubick Slark Centaur Warrunner","Newbee","Axe Bane Mirana Night Stalker Monkey King","Team B"
"3550508063","5627","08 Nov 2017 05:00","1992","33:12","Team B","OG","Drow Ranger Mirana Dazzle Batrider Ogre Magi","Team Liquid","Earthshaker Queen of Pain Leshrac Shadow Demon Lone Druid","Team B"
"3550606727","5627","08 Nov 2017 06:05","2548","42:28","Team A","OG","Puck Zeus Undying Rubick Terrorblade","Team Liquid","Lion Tinker Beastmaster Lifestealer Ogre Magi","Team B"
"3552460526","5627","09 Nov 2017 07:21","2551","42:31","Team B","OG","Tinker Lifestealer Night Stalker Brewmaster Disruptor","Team Secret","Anti-Mage Juggernaut Lion Bounty Hunter Centaur Warrunner","Team B"
"3552551775","5627","09 Nov 2017 08:35","2311","38:31","Team A","OG","Bloodseeker Sven Dazzle Batrider Earth Spirit","Team Secret","Storm Spirit Vengeful Spirit Slardar Tidehunter Witch Doctor","Team B"
"3555792201","5688","11 Nov 2017 02:09","2165","36:05","Team B","OG","Puck Luna Shadow Demon Disruptor Tusk","No Rats","Vengeful Spirit Lina Shadow Shaman Nyx Assassin Elder Titan","Team A"
"3555928532","5688","11 Nov 2017 03:08","1575","26:15","Team B","OG","Axe Pudge Tinker Warlock Wraith King","No Rats","Bloodseeker Slardar Phantom Assassin Spirit Breaker Ember Spirit","Team A"
"3556203021","5504","11 Nov 2017 05:09","2378","39:38","Team B","OG","Puck Luna Shadow Demon Nyx Assassin Timbersaw","Mid or Feed","Earthshaker Vengeful Spirit Witch Doctor Beastmaster Templar Assassin","Team A"
"3556338962","5504","11 Nov 2017 06:18","1643","27:23","Team B","OG","Storm Spirit Lion Lifestealer Silencer Brewmaster","Mid or Feed","Sand King Luna Undying Ember Spirit Winter Wyvern","Team A"
"3560174696","5504","13 Nov 2017 04:59","1565","26:05","Team B","OG","Bloodseeker Puck Night Stalker Disruptor Medusa","PENTA Sports","Bane Slardar Tinker Dark Seer Lycan","Team A"
"3560267988","5504","13 Nov 2017 06:03","3069","51:09","Team B","OG","Luna Invoker Shadow Demon Nyx Assassin Centaur Warrunner","PENTA Sports","Morphling Beastmaster Clockwerk Leshrac Omniknight","Team A"
"3561966276","5688","14 Nov 2017 05:04","1812","30:12","Team B","OG","Tinker Batrider Ursa Silencer Treant Protector","mousesports","Juggernaut Mirana Phantom Lancer Shadow Shaman Magnus","Team B"
"3562042085","5688","14 Nov 2017 05:57","1724","28:44","Team B","OG","Tinker Dragon Knight Ogre Magi Keeper of the Light Centaur Warrunner","mousesports","Phantom Lancer Shadow Shaman Tidehunter Spectre Rubick","Team A"
"3562112597","5688","14 Nov 2017 06:50","1782","29:42","Team A","OG","Zeus Faceless Void Magnus Underlord Dark Willow","mousesports","Riki Nature's Prophet Gyrocopter Disruptor Visage","Team A"
"3562170914","5688","14 Nov 2017 07:46","2061","34:21","Team B","OG","Weaver Batrider Brewmaster Disruptor Medusa","mousesports","Axe Viper Ancient Apparition Ogre Magi Terrorblade","Team A"
"3565465115","5627","16 Nov 2017 06:30","1550","25:50","Team A","OG","Anti-Mage Puck Shadow Shaman Venomancer Winter Wyvern","Mid or Feed","Shadow Fiend Sand King Faceless Void Pugna Ancient Apparition","Team A"
"3565540360","5627","16 Nov 2017 07:25","1714","28:34","Team B","OG","Storm Spirit Shadow Shaman Broodmother Ogre Magi Centaur Warrunner","Mid or Feed","Bane Nature's Prophet Undying Timbersaw Ember Spirit","Team A"
"3565640271","5627","16 Nov 2017 08:46","2487","41:27","Team B","OG","Puck Shadow Shaman Undying Medusa Underlord","Natus Vincere","Phantom Assassin Viper Clockwerk Nature's Prophet Shadow Demon","Team A"
"3565732649","5627","16 Nov 2017 10:00","2388","39:48","Team B","OG","Phantom Lancer Brewmaster Lone Druid Disruptor Earth Spirit","Natus Vincere","Death Prophet Lifestealer Night Stalker Doom Winter Wyvern","Team B"
"3569316774","5647","18 Nov 2017 05:16","3163","52:43","Team B","OG","Kunkka Doom Shadow Demon Medusa Pangolier","Natus Vincere","Pudge Tiny Zeus Pugna Dark Willow","Team A"
"3569464279","5647","18 Nov 2017 06:45","1745","29:05","Team B","OG","Shadow Shaman Broodmother Doom Tusk Terrorblade","Natus Vincere","Slardar Templar Assassin Weaver Alchemist Visage","Team A"
"3574719656","5647","21 Nov 2017 04:42","2664","44:24","Team A","OG","Omniknight Treant Protector Ogre Magi Timbersaw Monkey King","Team Liquid","Slardar Faceless Void Doom Undying Magnus","Team B"
"3574820788","5647","21 Nov 2017 05:51","1685","28:05","Team B","OG","Axe Morphling Venomancer Undying Tusk","Team Liquid","Pudge Witch Doctor Necrophos Gyrocopter Magnus","Team B"
"3576410922","5647","22 Nov 2017 05:18","1327","22:07","Team B","OG","Razor Vengeful Spirit Warlock Doom Legion Commander","Mid or Feed","Lion Slardar Sniper Bounty Hunter Pangolier","Team A"
"3576481361","5647","22 Nov 2017 06:08","2167","36:07","Team B","OG","Bounty Hunter Batrider Silencer Meepo Ember Spirit","Mid or Feed","Tinker Clockwerk Elder Titan Legion Commander Winter Wyvern","Team B"
"3576564628","5647","22 Nov 2017 07:11","1354","22:34","Team B","OG","Tiny Shadow Shaman Enigma Templar Assassin Naga Siren","Mid or Feed","Night Stalker Broodmother Silencer Arc Warden Pangolier","Team A"
"3579923783","5647","24 Nov 2017 05:17","1663","27:43","Team B","OG","Necrophos Luna Batrider Shadow Demon Nyx Assassin","Natus Vincere","Phantom Lancer Sand King Shadow Shaman Viper Underlord","Team B"
"3580028562","5647","24 Nov 2017 06:18","1841","30:41","Team A","OG","Shadow Fiend Kunkka Shadow Shaman Faceless Void Undying","Natus Vincere","Bane Templar Assassin Viper Clockwerk Weaver","Team B"
"3605018496","5504","08 Dec 2017 04:13","1761","29:21","Team B","OG","Bane Drow Ranger Puck Medusa Elder Titan","EHOME","Anti-Mage Razor Clockwerk Rubick Underlord","Team A"
"3605073008","5504","08 Dec 2017 05:11","2224","37:04","Team B","OG","Shadow Fiend Shadow Shaman Broodmother Brewmaster Tusk","LGD.Forever Young","Razor Nature's Prophet Gyrocopter Disruptor Earth Spirit","Team A"
"3605319407","5504","08 Dec 2017 08:48","2624","43:44","Team B","OG","Morphling Death Prophet Shadow Demon Centaur Warrunner Elder Titan","Natus Vincere","Bane Sand King Tinker Beastmaster Weaver","Team A"
"3605580580","5504","08 Dec 2017 12:06","2159","35:59","Team B","OG","Puck Templar Assassin Shadow Demon Elder Titan Monkey King","Virtus.pro","Bane Shadow Fiend Sand King Dragon Knight Clockwerk","Team B"
"3606848244","5504","09 Dec 2017 03:04","3574","59:34","Team B","OG","Juggernaut Shadow Fiend Puck Shadow Shaman Tusk","TNC Pro Team","Razor Dragon Knight Batrider Skywrath Mage Earth Spirit","Team A"
"3607013095","5504","09 Dec 2017 05:32","2556","42:36","Team B","OG","Drow Ranger Witch Doctor Gyrocopter Brewmaster Tusk","Infamous","Morphling Shadow Shaman Viper Omniknight Earth Spirit","Team B"
"3607188587","5504","09 Dec 2017 07:41","2054","34:14","Team B","OG","Phantom Lancer Death Prophet Shadow Demon Nyx Assassin Earth Spirit","VGJ.Storm","Vengeful Spirit Clockwerk Batrider Terrorblade Winter Wyvern","Team A"
"3607511920","5504","09 Dec 2017 11:07","2073","34:33","Team A","OG","Tiny Shadow Shaman Dragon Knight Brewmaster Io","LGD-GAMING","Sven Queen of Pain Nature's Prophet Ogre Magi Earth Spirit","Team A"
"3609079759","5504","10 Dec 2017 04:17","3766","1:02:46","Team A","OG","Shadow Fiend Puck Shadow Shaman Naga Siren Tusk","Natus Vincere","Phantom Lancer Weaver Brewmaster Rubick Earth Spirit","Team A"
"3609225559","5504","10 Dec 2017 05:58","2265","37:45","Team B","OG","Tiny Ancient Apparition Doom Medusa Tusk","Natus Vincere","Phantom Lancer Razor Slardar Nyx Assassin Winter Wyvern","Team A"
"3609945974","5504","10 Dec 2017 12:37","2307","38:27","Team B","OG","Bane Morphling Tiny Omniknight Elder Titan","TNC Pro Team","Storm Spirit Clockwerk Tusk Skywrath Mage Terrorblade","Team A"
"3610090295","5504","10 Dec 2017 01:48","2382","39:42","Team A","OG","Tiny Invoker Brewmaster Shadow Demon Earth Spirit","TNC Pro Team","Puck Dragon Knight Doom Rubick Elder Titan","Team A"